-- MySQL dump 10.15  Distrib 10.0.13-MariaDB, for debian-linux-gnu (i686)
--
-- Host: localhost    Database: PostDoc_DB
-- ------------------------------------------------------
-- Server version	10.0.13-MariaDB-1~trusty

/*!40101 SET @OLD_CHARACTER_SET_CLIENT=@@CHARACTER_SET_CLIENT */;
/*!40101 SET @OLD_CHARACTER_SET_RESULTS=@@CHARACTER_SET_RESULTS */;
/*!40101 SET @OLD_COLLATION_CONNECTION=@@COLLATION_CONNECTION */;
/*!40101 SET NAMES utf8 */;
/*!40103 SET @OLD_TIME_ZONE=@@TIME_ZONE */;
/*!40103 SET TIME_ZONE='+00:00' */;
/*!40014 SET @OLD_UNIQUE_CHECKS=@@UNIQUE_CHECKS, UNIQUE_CHECKS=0 */;
/*!40014 SET @OLD_FOREIGN_KEY_CHECKS=@@FOREIGN_KEY_CHECKS, FOREIGN_KEY_CHECKS=0 */;
/*!40101 SET @OLD_SQL_MODE=@@SQL_MODE, SQL_MODE='NO_AUTO_VALUE_ON_ZERO' */;
/*!40111 SET @OLD_SQL_NOTES=@@SQL_NOTES, SQL_NOTES=0 */;

--
-- Table structure for table `academic_qualification`
--

DROP TABLE IF EXISTS `academic_qualification`;
/*!40101 SET @saved_cs_client     = @@character_set_client */;
/*!40101 SET character_set_client = utf8 */;
CREATE TABLE `academic_qualification` (
  `_qualificationID` bigint(20) unsigned NOT NULL AUTO_INCREMENT,
  `_cv` char(9) NOT NULL,
  `_name` varchar(100) DEFAULT NULL,
  `_fieldOfStudy` varchar(100) DEFAULT NULL,
  `_institution` varchar(100) DEFAULT NULL,
  `_yearObtained` date DEFAULT NULL,
  `_distinctions` tinyint(3) unsigned DEFAULT NULL,
  PRIMARY KEY (`_qualificationID`),
  KEY `_cv` (`_cv`),
  CONSTRAINT `academic_qualification_ibfk_1` FOREIGN KEY (`_cv`) REFERENCES `cv` (`_cvID`)
) ENGINE=InnoDB AUTO_INCREMENT=11 DEFAULT CHARSET=latin1;
/*!40101 SET character_set_client = @saved_cs_client */;

--
-- Dumping data for table `academic_qualification`
--

LOCK TABLES `academic_qualification` WRITE;
/*!40000 ALTER TABLE `academic_qualification` DISABLE KEYS */;
INSERT INTO `academic_qualification` VALUES (1,'f14000001','PhD','Open','Open','2014-09-02',0),(2,'f14000002','PhD','Referred','Open','2014-09-08',0),(3,'f14000003','PhD','Finalised','Open','2006-09-12',0),(4,'u12019837','PhD','Grant Holding','Testing','2006-09-19',6),(5,'f14000004','PhD','Open','Open','1994-09-10',0),(6,'f14000005','PhD','Endorsement','HarKnox','2014-09-02',0),(7,'f14000006','PhD','Work','HardKnox','2013-09-10',0),(8,'f14000007','PhD','Funds','Funds','2014-09-09',0),(9,'f14000008','PhD','Complete','Complete','2014-09-17',0),(10,'f14000009','PhD','Terminate','Term','2014-09-03',0);
/*!40000 ALTER TABLE `academic_qualification` ENABLE KEYS */;
UNLOCK TABLES;

--
-- Table structure for table `address`
--

DROP TABLE IF EXISTS `address`;
/*!40101 SET @saved_cs_client     = @@character_set_client */;
/*!40101 SET character_set_client = utf8 */;
CREATE TABLE `address` (
  `_addressID` bigint(20) unsigned NOT NULL AUTO_INCREMENT,
  `_country` varchar(100) DEFAULT NULL,
  `_province` varchar(100) DEFAULT NULL,
  `_town_city` varchar(100) DEFAULT NULL,
  `_suburb` varchar(100) DEFAULT NULL,
  `_street` varchar(100) DEFAULT NULL,
  `_streeNumber` int(11) DEFAULT NULL,
  `_roomNumber` varchar(50) DEFAULT NULL,
  `_zip_postalCode` char(6) DEFAULT NULL,
  PRIMARY KEY (`_addressID`)
) ENGINE=InnoDB AUTO_INCREMENT=14 DEFAULT CHARSET=latin1;
/*!40101 SET character_set_client = @saved_cs_client */;

--
-- Dumping data for table `address`
--

LOCK TABLES `address` WRITE;
/*!40000 ALTER TABLE `address` DISABLE KEYS */;
INSERT INTO `address` VALUES (1,'TestMainia',NULL,NULL,NULL,NULL,NULL,NULL,NULL),(2,'TestUniversity',NULL,NULL,NULL,NULL,NULL,NULL,NULL),(3,'Testmania','Testonia','Testoniaville','SemTest','ClassTest',661,'72','0159'),(4,'Testmania','Testonia','Testoniaville','SemTest','ClassTest',661,'72','0159'),(5,'Testmania','Testonia','Testoniaville','SemTest','ClassTest',661,'72','0159'),(6,'Testmania','Testonia','Testoniaville','SemTest','ClassTest',661,'72','0159'),(7,'Testmania','Testonia','Testoniaville','SemTest','ClassTest',661,'72','0159'),(8,'Testmania','Testonia','Testoniaville','SemTest','ClassTest',661,'72','0159'),(9,'Testmania','Testonia','Testoniaville','SemTest','ClassTest',661,'72','0159'),(10,'Testmania','Testonia','Testoniaville','SemTest','ClassTest',661,'72','0159'),(11,'Testmania','Testonia','Testoniaville','SemTest','ClassTest',661,'72','0159'),(12,'Testmania','Testonia','Testoniaville','SemesterTest','ClassTest',120,'100','1234'),(13,'South Africa','Gauteng','Pretoria','Hatfield','1012',1012,'1231','1262');
/*!40000 ALTER TABLE `address` ENABLE KEYS */;
UNLOCK TABLES;

--
-- Table structure for table `ammend_request`
--

DROP TABLE IF EXISTS `ammend_request`;
/*!40101 SET @saved_cs_client     = @@character_set_client */;
/*!40101 SET character_set_client = utf8 */;
CREATE TABLE `ammend_request` (
  `_requestID` bigint(20) unsigned NOT NULL AUTO_INCREMENT,
  `_application` bigint(20) unsigned NOT NULL,
  `_creator` char(9) NOT NULL,
  `_timestamp` datetime NOT NULL,
  `_request` text,
  PRIMARY KEY (`_requestID`),
  KEY `_application` (`_application`),
  KEY `_creator` (`_creator`),
  CONSTRAINT `ammend_request_ibfk_1` FOREIGN KEY (`_application`) REFERENCES `application` (`_applicationID`),
  CONSTRAINT `ammend_request_ibfk_2` FOREIGN KEY (`_creator`) REFERENCES `person` (`_systemID`)
) ENGINE=InnoDB DEFAULT CHARSET=latin1;
/*!40101 SET character_set_client = @saved_cs_client */;

--
-- Dumping data for table `ammend_request`
--

LOCK TABLES `ammend_request` WRITE;
/*!40000 ALTER TABLE `ammend_request` DISABLE KEYS */;
/*!40000 ALTER TABLE `ammend_request` ENABLE KEYS */;
UNLOCK TABLES;

--
-- Table structure for table `announcement`
--

DROP TABLE IF EXISTS `announcement`;
/*!40101 SET @saved_cs_client     = @@character_set_client */;
/*!40101 SET character_set_client = utf8 */;
CREATE TABLE `announcement` (
  `_announcementID` bigint(20) unsigned NOT NULL AUTO_INCREMENT,
  `_timestamp` datetime NOT NULL,
  `_headline` VARCHAR(100),
  `_message` text NOT NULL,
  `_startDate` datetime DEFAULT NULL,
  `_endDate` datetime DEFAULT NULL,
  `_image` BLOB,
  PRIMARY KEY (`_announcementID`)
) ENGINE=InnoDB DEFAULT CHARSET=latin1;
/*!40101 SET character_set_client = @saved_cs_client */;

--
-- Dumping data for table `announcement`
--

LOCK TABLES `announcement` WRITE;
/*!40000 ALTER TABLE `announcement` DISABLE KEYS */;
/*!40000 ALTER TABLE `announcement` ENABLE KEYS */;
UNLOCK TABLES;

--
-- Table structure for table `application`
--

DROP TABLE IF EXISTS `application`;
/*!40101 SET @saved_cs_client     = @@character_set_client */;
/*!40101 SET character_set_client = utf8 */;
CREATE TABLE `application` (
  `_applicationID` bigint(20) unsigned NOT NULL AUTO_INCREMENT,
  `_type` enum('New','Renewal') DEFAULT NULL,
  `_status` enum('Open','Submitted','Declined','Referred','Finalised','Recommended','Endorsed','Eligible','Funded','Completed','Terminated') DEFAULT NULL,
  `_fundingType` enum('UP PhD Postdoc','UP Postdoc','Externally funded') DEFAULT NULL,
  `_timestamp` datetime NOT NULL,
  `_submissionDate` datetime DEFAULT NULL,
  `_finalisationDate` datetime DEFAULT NULL,
  `_startDate` date DEFAULT NULL,
  `_endDate` date DEFAULT NULL,
  `_projectTitle` varchar(250) DEFAULT NULL,
  `_information` text,
  `_fellow` char(9) NOT NULL,
  `_grantHolder` char(9) DEFAULT NULL,
  `_parentApplication` bigint(20) unsigned DEFAULT NULL,
  PRIMARY KEY (`_applicationID`),
  KEY `_fellow` (`_fellow`),
  KEY `_grantHolder` (`_grantHolder`),
  KEY `_parentApplication` (`_parentApplication`),
  CONSTRAINT `application_ibfk_1` FOREIGN KEY (`_fellow`) REFERENCES `person` (`_systemID`),
  CONSTRAINT `application_ibfk_2` FOREIGN KEY (`_grantHolder`) REFERENCES `person` (`_systemID`),
  CONSTRAINT `application_ibfk_3` FOREIGN KEY (`_parentApplication`) REFERENCES `application` (`_applicationID`)
) ENGINE=InnoDB AUTO_INCREMENT=10 DEFAULT CHARSET=latin1;
/*!40101 SET character_set_client = @saved_cs_client */;

--
-- Dumping data for table `application`
--

LOCK TABLES `application` WRITE;
/*!40000 ALTER TABLE `application` DISABLE KEYS */;
INSERT INTO `application` VALUES (1,'New','Submitted','UP Postdoc','2014-09-21 20:35:18','2014-09-21 20:36:35',NULL,NULL,NULL,'Open Test','<?xml version=\"1.0\" encoding=\"UTF-8\" standalone=\"yes\"?><applicationInformation><projectMotivation>Staying alive</projectMotivation><projectAims><aim>Getting tested</aim></projectAims><researchMethodology>Tested</researchMethodology><researchWorkPlan>Testing</researchWorkPlan><expectedOutcomes><outcome>Tried and tested</outcome></expectedOutcomes><projectInfrastructureFunding>Needed</projectInfrastructureFunding><teamMembers><member><title>Ms.</title><fullName>Closed</fullName><surname>Tester</surname><position>TeamLeader</position><institution>Chilled</institution><degreeType>Doctoral (PhD)</degreeType></member></teamMembers><selfEvaluation>Alive</selfEvaluation></applicationInformation>','f14000001','u12019837',NULL),(2,'New','Referred','UP PhD Postdoc','2014-09-21 20:42:48','2014-09-21 20:42:57',NULL,NULL,NULL,'Referred test','<?xml version=\"1.0\" encoding=\"UTF-8\" standalone=\"yes\"?><applicationInformation><projectMotivation>staying alive</projectMotivation><projectAims><aim>Getting referred</aim></projectAims><researchMethodology>referring to?</researchMethodology><researchWorkPlan>Getting it done</researchWorkPlan><expectedOutcomes><outcome>getting referred</outcome></expectedOutcomes><projectInfrastructureFunding>needed</projectInfrastructureFunding><teamMembers><member><title>Miss.</title><fullName>Closed</fullName><surname>Tester</surname><position>TeamLeader</position><institution>Chilled</institution><degreeType>Doctoral (PhD)</degreeType></member></teamMembers><selfEvaluation>Alive</selfEvaluation></applicationInformation>','f14000002','u12019837',NULL),(3,'New','Finalised','UP PhD Postdoc','2014-09-21 21:00:04','2014-09-21 21:00:12','2014-09-21 21:05:25',NULL,NULL,'Finalised Test','<?xml version=\"1.0\" encoding=\"UTF-8\" standalone=\"yes\"?><applicationInformation><projectMotivation>alive</projectMotivation><projectAims><aim>The Sky</aim></projectAims><researchMethodology>finally</researchMethodology><researchWorkPlan>FINAL</researchWorkPlan><expectedOutcomes><outcome>The Floor</outcome></expectedOutcomes><projectInfrastructureFunding>needed</projectInfrastructureFunding><teamMembers><member><title>Miss.</title><fullName>Closed</fullName><surname>Tester</surname><position>TeamLeader</position><institution>Chilled</institution><degreeType>Doctoral (PhD)</degreeType></member></teamMembers><selfEvaluation>alive</selfEvaluation></applicationInformation>','f14000003','u12019837',NULL),(4,'New','Recommended','UP PhD Postdoc','2014-09-21 21:15:31','2014-09-21 21:15:38','2014-09-21 21:16:22',NULL,NULL,'Recommended','<?xml version=\"1.0\" encoding=\"UTF-8\" standalone=\"yes\"?><applicationInformation><projectMotivation>reqwg</projectMotivation><projectAims><aim>recommended</aim></projectAims><researchMethodology>rec</researchMethodology><researchWorkPlan>rec</researchWorkPlan><expectedOutcomes><outcome>recommended</outcome></expectedOutcomes><projectInfrastructureFunding>rec</projectInfrastructureFunding><teamMembers><member><title>Mr.</title><fullName>Closed</fullName><surname>Tester</surname><position>TeamLeader</position><institution>Chilled</institution><degreeType>Doctoral (PhD)</degreeType></member></teamMembers><selfEvaluation>rec</selfEvaluation></applicationInformation>','f14000004','u12019837',NULL),(5,'New','Endorsed','UP PhD Postdoc','2014-09-26 02:08:54','2014-09-26 02:09:15','2014-09-26 10:56:02',NULL,NULL,'Endorsement Test','<?xml version=\"1.0\" encoding=\"UTF-8\" standalone=\"yes\"?><applicationInformation><projectMotivation>Staying Alive</projectMotivation><projectAims><aim>The Sky</aim></projectAims><researchMethodology>Endorsing it</researchMethodology><researchWorkPlan>Endorsing everything</researchWorkPlan><expectedOutcomes><outcome>The stars</outcome></expectedOutcomes><projectInfrastructureFunding>Livid</projectInfrastructureFunding><teamMembers><member><title>Ms.</title><fullName>Closed</fullName><surname>Tester</surname><position>Closer</position><institution>Work</institution><degreeType>Doctoral (PhD)</degreeType></member></teamMembers><selfEvaluation>Alive</selfEvaluation></applicationInformation>','f14000005','u12019837',NULL),(6,'New','Eligible','UP PhD Postdoc','2014-09-26 02:18:45','2014-09-26 02:18:59','2014-09-26 10:56:24',NULL,NULL,'Eligible Test','<?xml version=\"1.0\" encoding=\"UTF-8\" standalone=\"yes\"?><applicationInformation><projectMotivation>Getting it done</projectMotivation><projectAims><aim>High</aim></projectAims><researchMethodology>Meth? Not even once.</researchMethodology><researchWorkPlan>Here </researchWorkPlan><expectedOutcomes><outcome>Low</outcome></expectedOutcomes><projectInfrastructureFunding>There</projectInfrastructureFunding><teamMembers><member><title>Mr.</title><fullName>Closed</fullName><surname>Tester</surname><position>There</position><institution>Here</institution><degreeType>Doctoral (PhD)</degreeType></member></teamMembers><selfEvaluation>Everywhere</selfEvaluation></applicationInformation>','f14000006','u12019837',NULL),(7,'New','Funded','UP PhD Postdoc','2014-09-26 02:28:11','2014-09-26 02:28:28','2014-09-26 10:56:41','2014-09-30','2015-09-30','Funded Test','<?xml version=\"1.0\" encoding=\"UTF-8\" standalone=\"yes\"?><applicationInformation><projectMotivation>Doing it big</projectMotivation><projectAims><aim>Slim</aim></projectAims><researchMethodology>Searched</researchMethodology><researchWorkPlan>Asked</researchWorkPlan><expectedOutcomes><outcome>Plan</outcome></expectedOutcomes><projectInfrastructureFunding>Funds required</projectInfrastructureFunding><teamMembers><member><title>Ms.</title><fullName>Closed</fullName><surname>Tester</surname><position>There</position><institution>Here</institution><degreeType>Doctoral (PhD)</degreeType></member></teamMembers><selfEvaluation>Capable</selfEvaluation></applicationInformation>','f14000007','u12019837',NULL),(8,'New','Funded','UP PhD Postdoc','2014-09-26 02:36:12','2014-09-26 02:36:25','2014-09-26 10:56:59','2014-09-30','2015-09-30','Complete Test','<?xml version=\"1.0\" encoding=\"UTF-8\" standalone=\"yes\"?><applicationInformation><projectMotivation>Staying alive</projectMotivation><projectAims><aim>Soar</aim></projectAims><researchMethodology>Completeness Thoerem</researchMethodology><researchWorkPlan>D\'oh</researchWorkPlan><expectedOutcomes><outcome>Sour</outcome></expectedOutcomes><projectInfrastructureFunding>Completing it</projectInfrastructureFunding><teamMembers><member><title>Mr.</title><fullName>Closed</fullName><surname>Tester</surname><position>There</position><institution>Here</institution><degreeType>Doctoral (PhD)</degreeType></member></teamMembers><selfEvaluation>Alive </selfEvaluation></applicationInformation>','f14000008','u12019837',NULL),(9,'New','Declined','UP PhD Postdoc','2014-09-26 02:43:22','2014-09-26 02:43:34',NULL,NULL,NULL,'Terminated Test','<?xml version=\"1.0\" encoding=\"UTF-8\" standalone=\"yes\"?><applicationInformation><projectMotivation>Gate</projectMotivation><projectAims><aim>Stay up</aim></projectAims><researchMethodology>Chilled</researchMethodology><researchWorkPlan>No substances</researchWorkPlan><expectedOutcomes><outcome>Stay... up</outcome></expectedOutcomes><projectInfrastructureFunding>For real</projectInfrastructureFunding><teamMembers><member><title>Mr.</title><fullName>Closed</fullName><surname>Tester</surname><position>There</position><institution>Here</institution><degreeType>Doctoral (PhD)</degreeType></member></teamMembers><selfEvaluation>Why</selfEvaluation></applicationInformation>','f14000009','u12019837',NULL);
/*!40000 ALTER TABLE `application` ENABLE KEYS */;
UNLOCK TABLES;

--
-- Table structure for table `application_review_request`
--

DROP TABLE IF EXISTS `application_review_request`;
/*!40101 SET @saved_cs_client     = @@character_set_client */;
/*!40101 SET character_set_client = utf8 */;
CREATE TABLE `application_review_request` (
  `_person` char(9) NOT NULL,
  `_application` bigint(20) unsigned NOT NULL,
  `_type` enum('HOD','DEAN') NOT NULL DEFAULT 'HOD',
  PRIMARY KEY (`_person`,`_application`,`_type`),
  KEY `_application` (`_application`),
  CONSTRAINT `application_review_request_ibfk_1` FOREIGN KEY (`_person`) REFERENCES `person` (`_systemID`),
  CONSTRAINT `application_review_request_ibfk_2` FOREIGN KEY (`_application`) REFERENCES `application` (`_applicationID`)
) ENGINE=InnoDB DEFAULT CHARSET=latin1;
/*!40101 SET character_set_client = @saved_cs_client */;

--
-- Dumping data for table `application_review_request`
--

LOCK TABLES `application_review_request` WRITE;
/*!40000 ALTER TABLE `application_review_request` DISABLE KEYS */;
INSERT INTO `application_review_request` VALUES ('u12019837',3,'HOD'),('u12019837',4,'HOD'),('u12019837',5,'HOD'),('u12019837',6,'HOD'),('u12019837',7,'HOD'),('u12019837',8,'HOD'),('u14000004',4,'DEAN'),('u14000004',5,'DEAN'),('u14000004',6,'DEAN'),('u14000004',7,'DEAN'),('u14000004',8,'DEAN');
/*!40000 ALTER TABLE `application_review_request` ENABLE KEYS */;
UNLOCK TABLES;

--
-- Table structure for table `attendence_list`
--

DROP TABLE IF EXISTS `attendence_list`;
/*!40101 SET @saved_cs_client     = @@character_set_client */;
/*!40101 SET character_set_client = utf8 */;
CREATE TABLE `attendence_list` (
  `_meetingID` bigint(20) unsigned NOT NULL,
  `_attendeeID` char(9) NOT NULL,
  PRIMARY KEY (`_meetingID`,`_attendeeID`),
  KEY `_attendeeID` (`_attendeeID`),
  CONSTRAINT `attendence_list_ibfk_1` FOREIGN KEY (`_meetingID`) REFERENCES `committee_meeting` (`_meetingID`),
  CONSTRAINT `attendence_list_ibfk_2` FOREIGN KEY (`_attendeeID`) REFERENCES `person` (`_systemID`)
) ENGINE=InnoDB DEFAULT CHARSET=latin1;
/*!40101 SET character_set_client = @saved_cs_client */;

--
-- Dumping data for table `attendence_list`
--

LOCK TABLES `attendence_list` WRITE;
/*!40000 ALTER TABLE `attendence_list` DISABLE KEYS */;
/*!40000 ALTER TABLE `attendence_list` ENABLE KEYS */;
UNLOCK TABLES;

--
-- Table structure for table `audit_log`
--

DROP TABLE IF EXISTS `audit_log`;
/*!40101 SET @saved_cs_client     = @@character_set_client */;
/*!40101 SET character_set_client = utf8 */;
CREATE TABLE `audit_log` (
  `_entryID` bigint(20) unsigned NOT NULL AUTO_INCREMENT,
  `_person` char(9) NOT NULL,
  `_timestamp` datetime NOT NULL,
  `_action` varchar(500) NOT NULL,
  PRIMARY KEY (`_entryID`),
  KEY `_person` (`_person`),
  CONSTRAINT `audit_log_ibfk_1` FOREIGN KEY (`_person`) REFERENCES `person` (`_systemID`)
) ENGINE=InnoDB AUTO_INCREMENT=1177 DEFAULT CHARSET=latin1;
/*!40101 SET character_set_client = @saved_cs_client */;

--
-- Dumping data for table `audit_log`
--

LOCK TABLES `audit_log` WRITE;
/*!40000 ALTER TABLE `audit_log` DISABLE KEYS */;
INSERT INTO `audit_log` VALUES (1,'u12019837','2014-09-21 20:30:43',' [ Method = login ] [ Parameters: com.softserve.system.Session@b72e38; ]'),(2,'u12019837','2014-09-21 20:30:43',' [ Method = getAllActiveMeetingsForWhichUserIsToAttend ] [ Parameters: com.softserve.system.Session@74ef4e; ]'),(3,'u12019837','2014-09-21 20:30:43',' [ Method = allApplicationsWithPendingReportsForUser ] [ Parameters: com.softserve.system.Session@15de68; ]'),(4,'u12019837','2014-09-21 20:30:43',' [ Method = getRenewableApplicationsForFellow ] [ Parameters: com.softserve.system.Session@17d35cd; com.softserve.DBEntities.Person[ systemID=u12019837 ]; ]'),(5,'u12019837','2014-09-21 20:30:43',' [ Method = loadAllPendingOnDemandAccounts ] [ Parameters: com.softserve.system.Session@e15eb7; ]'),(6,'u12019837','2014-09-21 20:30:47',' [ Method = getAllActiveMeetingsForWhichUserIsToAttend ] [ Parameters: com.softserve.system.Session@29d73c; ]'),(7,'u12019837','2014-09-21 20:30:47',' [ Method = allApplicationsWithPendingReportsForUser ] [ Parameters: com.softserve.system.Session@cbf769; ]'),(8,'u12019837','2014-09-21 20:30:47',' [ Method = getRenewableApplicationsForFellow ] [ Parameters: com.softserve.system.Session@1e7252f; com.softserve.DBEntities.Person[ systemID=u12019837 ]; ]'),(9,'u12019837','2014-09-21 20:30:47',' [ Method = loadAllPendingOnDemandAccounts ] [ Parameters: com.softserve.system.Session@9da5d4; ]'),(10,'u12019837','2014-09-21 20:30:47',' [ Method = viewAllUserAccounts ] [ Parameters: com.softserve.system.Session@1ec3c1c; ]'),(11,'u12019837','2014-09-21 20:30:49',' [ Method = getAllActiveMeetingsForWhichUserIsToAttend ] [ Parameters: com.softserve.system.Session@1a8311a; ]'),(12,'u12019837','2014-09-21 20:30:49',' [ Method = allApplicationsWithPendingReportsForUser ] [ Parameters: com.softserve.system.Session@1b7c109; ]'),(13,'u12019837','2014-09-21 20:30:49',' [ Method = getRenewableApplicationsForFellow ] [ Parameters: com.softserve.system.Session@cc71b2; com.softserve.DBEntities.Person[ systemID=u12019837 ]; ]'),(14,'u12019837','2014-09-21 20:30:49',' [ Method = loadAllPendingOnDemandAccounts ] [ Parameters: com.softserve.system.Session@646480; ]'),(15,'u12019837','2014-09-21 20:30:55',' [ Method = logout ] [ Parameters: com.softserve.system.Session@f8683; ]'),(16,'f14000001','2014-09-21 20:31:45','Created new user account'),(17,'f14000001','2014-09-21 20:31:45',' [ Method = login ] [ Parameters: com.softserve.system.Session@317ce; ]'),(18,'f14000001','2014-09-21 20:31:52',' [ Method = getOpenApplication ] [ Parameters: com.softserve.system.Session@1f7b04a; ]'),(19,'f14000001','2014-09-21 20:34:03',' [ Method = authenticateUserAsOwner ] [ Parameters: com.softserve.system.Session@149bc4f; com.softserve.DBEntities.Cv[ cvID=f14000001 ]; ]'),(20,'f14000001','2014-09-21 20:34:03','Created CV [ Method = createCV ] [ Parameters: com.softserve.system.Session@149bc4f; com.softserve.DBEntities.Cv[ cvID=f14000001 ]; ]'),(21,'f14000001','2014-09-21 20:34:03','Updated/Created CV [ Method = createProspectiveFellowCV ] [ Parameters: com.softserve.system.Session@149bc4f; com.softserve.DBEntities.Cv[ cvID=f14000001 ]; ]'),(22,'f14000001','2014-09-21 20:35:19','Created/Updated a new application [ Method = createNewApplication ] [ Parameters: com.softserve.system.Session@425efd; com.softserve.DBEntities.Application[ applicationID=1 ]; ]'),(23,'f14000001','2014-09-21 20:35:32','Linked grant holder to new application [ Method = linkGrantHolderToApplication ] [ Parameters: com.softserve.system.Session@1130992; com.softserve.DBEntities.Application[ applicationID=1 ]; com.softserve.DBEntities.Person[ systemID=u12019837 ]; ]'),(24,'f14000001','2014-09-21 20:36:30','Linked referee to new application [ Method = linkRefereeToApplication ] [ Parameters: com.softserve.system.Session@176ba92; com.softserve.DBEntities.Application[ applicationID=1 ]; com.softserve.DBEntities.Person[ systemID=u12019837 ]; ]'),(25,'f14000001','2014-09-21 20:36:30','Linked referee to new application [ Method = linkRefereeToApplication ] [ Parameters: com.softserve.system.Session@de6d91; com.softserve.DBEntities.Application[ applicationID=1 ]; com.softserve.DBEntities.Person[ systemID=u12019837 ]; ]'),(26,'f14000001','2014-09-21 20:36:35','Submitted a new application [ Method = submitApplication ] [ Parameters: com.softserve.system.Session@11fcbef; com.softserve.DBEntities.Application[ applicationID=1 ]; ]'),(27,'f14000001','2014-09-21 20:36:54',' [ Method = logout ] [ Parameters: com.softserve.system.Session@9cec11; ]'),(28,'u12019837','2014-09-21 20:37:00',' [ Method = login ] [ Parameters: com.softserve.system.Session@1a389e2; ]'),(29,'u12019837','2014-09-21 20:37:01',' [ Method = getAllActiveMeetingsForWhichUserIsToAttend ] [ Parameters: com.softserve.system.Session@188c817; ]'),(30,'u12019837','2014-09-21 20:37:01',' [ Method = allApplicationsWithPendingReportsForUser ] [ Parameters: com.softserve.system.Session@1a153c0; ]'),(31,'u12019837','2014-09-21 20:37:01',' [ Method = getRenewableApplicationsForFellow ] [ Parameters: com.softserve.system.Session@7e3211; com.softserve.DBEntities.Person[ systemID=u12019837 ]; ]'),(32,'u12019837','2014-09-21 20:37:01',' [ Method = loadAllPendingOnDemandAccounts ] [ Parameters: com.softserve.system.Session@18f6fdd; ]'),(33,'u12019837','2014-09-21 20:37:08',' [ Method = getAllActiveMeetingsForWhichUserIsToAttend ] [ Parameters: com.softserve.system.Session@1561dba; ]'),(34,'u12019837','2014-09-21 20:37:08',' [ Method = allApplicationsWithPendingReportsForUser ] [ Parameters: com.softserve.system.Session@bd7dea; ]'),(35,'u12019837','2014-09-21 20:37:08',' [ Method = getRenewableApplicationsForFellow ] [ Parameters: com.softserve.system.Session@233edc; com.softserve.DBEntities.Person[ systemID=u12019837 ]; ]'),(36,'u12019837','2014-09-21 20:37:08',' [ Method = loadAllPendingOnDemandAccounts ] [ Parameters: com.softserve.system.Session@9c5733; ]'),(37,'u12019837','2014-09-21 20:37:11',' [ Method = getAllApplications ] [ Parameters: com.softserve.system.Session@16d3eba; ]'),(38,'u12019837','2014-09-21 20:37:11',' [ Method = getAllActiveMeetingsForWhichUserIsToAttend ] [ Parameters: com.softserve.system.Session@8d1a4e; ]'),(39,'u12019837','2014-09-21 20:37:11',' [ Method = allApplicationsWithPendingReportsForUser ] [ Parameters: com.softserve.system.Session@1d5afc0; ]'),(40,'u12019837','2014-09-21 20:37:11',' [ Method = getRenewableApplicationsForFellow ] [ Parameters: com.softserve.system.Session@cd097c; com.softserve.DBEntities.Person[ systemID=u12019837 ]; ]'),(41,'u12019837','2014-09-21 20:37:11',' [ Method = loadAllPendingOnDemandAccounts ] [ Parameters: com.softserve.system.Session@15bb31e; ]'),(42,'u12019837','2014-09-21 20:37:57',' [ Method = logout ] [ Parameters: com.softserve.system.Session@1f287b7; ]'),(43,'f14000002','2014-09-21 20:38:53','Created new user account'),(44,'f14000002','2014-09-21 20:38:53',' [ Method = login ] [ Parameters: com.softserve.system.Session@1b41f5; ]'),(45,'f14000002','2014-09-21 20:39:20',' [ Method = getOpenApplication ] [ Parameters: com.softserve.system.Session@bd0ad4; ]'),(46,'f14000002','2014-09-21 20:41:04',' [ Method = authenticateUserAsOwner ] [ Parameters: com.softserve.system.Session@6b0d88; com.softserve.DBEntities.Cv[ cvID=f14000002 ]; ]'),(47,'f14000002','2014-09-21 20:41:04','Created CV [ Method = createCV ] [ Parameters: com.softserve.system.Session@6b0d88; com.softserve.DBEntities.Cv[ cvID=f14000002 ]; ]'),(48,'f14000002','2014-09-21 20:41:04','Updated/Created CV [ Method = createProspectiveFellowCV ] [ Parameters: com.softserve.system.Session@6b0d88; com.softserve.DBEntities.Cv[ cvID=f14000002 ]; ]'),(49,'f14000002','2014-09-21 20:42:48','Created/Updated a new application [ Method = createNewApplication ] [ Parameters: com.softserve.system.Session@dfe17c; com.softserve.DBEntities.Application[ applicationID=2 ]; ]'),(50,'f14000002','2014-09-21 20:42:54','Linked grant holder to new application [ Method = linkGrantHolderToApplication ] [ Parameters: com.softserve.system.Session@158c60b; com.softserve.DBEntities.Application[ applicationID=2 ]; com.softserve.DBEntities.Person[ systemID=u12019837 ]; ]'),(51,'f14000002','2014-09-21 20:42:57','Submitted a new application [ Method = submitApplication ] [ Parameters: com.softserve.system.Session@1e89e77; com.softserve.DBEntities.Application[ applicationID=2 ]; ]'),(52,'f14000002','2014-09-21 20:45:45',' [ Method = logout ] [ Parameters: com.softserve.system.Session@cc186; ]'),(53,'u12019837','2014-09-21 20:45:50',' [ Method = login ] [ Parameters: com.softserve.system.Session@1c509f6; ]'),(54,'u12019837','2014-09-21 20:45:50',' [ Method = getAllActiveMeetingsForWhichUserIsToAttend ] [ Parameters: com.softserve.system.Session@13f2fe8; ]'),(55,'u12019837','2014-09-21 20:45:51',' [ Method = allApplicationsWithPendingReportsForUser ] [ Parameters: com.softserve.system.Session@f56e83; ]'),(56,'u12019837','2014-09-21 20:45:51',' [ Method = getRenewableApplicationsForFellow ] [ Parameters: com.softserve.system.Session@17ac022; com.softserve.DBEntities.Person[ systemID=u12019837 ]; ]'),(57,'u12019837','2014-09-21 20:45:51',' [ Method = loadAllPendingOnDemandAccounts ] [ Parameters: com.softserve.system.Session@ee9288; ]'),(58,'u12019837','2014-09-21 20:45:52',' [ Method = getAllActiveMeetingsForWhichUserIsToAttend ] [ Parameters: com.softserve.system.Session@b3d496; ]'),(59,'u12019837','2014-09-21 20:45:52',' [ Method = allApplicationsWithPendingReportsForUser ] [ Parameters: com.softserve.system.Session@1e85ad0; ]'),(60,'u12019837','2014-09-21 20:45:52',' [ Method = getRenewableApplicationsForFellow ] [ Parameters: com.softserve.system.Session@13422c6; com.softserve.DBEntities.Person[ systemID=u12019837 ]; ]'),(61,'u12019837','2014-09-21 20:45:53',' [ Method = loadAllPendingOnDemandAccounts ] [ Parameters: com.softserve.system.Session@1a35909; ]'),(62,'u12019837','2014-09-21 20:48:18',' [ Method = getAllApplications ] [ Parameters: com.softserve.system.Session@1d2d9a3; ]'),(63,'u12019837','2014-09-21 20:48:18',' [ Method = getAllActiveMeetingsForWhichUserIsToAttend ] [ Parameters: com.softserve.system.Session@afd0d8; ]'),(64,'u12019837','2014-09-21 20:48:18',' [ Method = allApplicationsWithPendingReportsForUser ] [ Parameters: com.softserve.system.Session@101887; ]'),(65,'u12019837','2014-09-21 20:48:18',' [ Method = getRenewableApplicationsForFellow ] [ Parameters: com.softserve.system.Session@19f9b62; com.softserve.DBEntities.Person[ systemID=u12019837 ]; ]'),(66,'u12019837','2014-09-21 20:48:18',' [ Method = loadAllPendingOnDemandAccounts ] [ Parameters: com.softserve.system.Session@16bc6d7; ]'),(67,'f14000003','2014-09-21 20:55:54','Created new user account'),(68,'f14000003','2014-09-21 20:55:54',' [ Method = login ] [ Parameters: com.softserve.system.Session@10cd191; ]'),(69,'f14000003','2014-09-21 20:56:05',' [ Method = getOpenApplication ] [ Parameters: com.softserve.system.Session@10e3072; ]'),(70,'f14000003','2014-09-21 20:57:58',' [ Method = authenticateUserAsOwner ] [ Parameters: com.softserve.system.Session@e06ddb; com.softserve.DBEntities.Cv[ cvID=f14000003 ]; ]'),(71,'f14000003','2014-09-21 20:57:59','Created CV [ Method = createCV ] [ Parameters: com.softserve.system.Session@e06ddb; com.softserve.DBEntities.Cv[ cvID=f14000003 ]; ]'),(72,'f14000003','2014-09-21 20:57:59','Updated/Created CV [ Method = createProspectiveFellowCV ] [ Parameters: com.softserve.system.Session@e06ddb; com.softserve.DBEntities.Cv[ cvID=f14000003 ]; ]'),(73,'f14000003','2014-09-21 21:00:04','Created/Updated a new application [ Method = createNewApplication ] [ Parameters: com.softserve.system.Session@2efe0c; com.softserve.DBEntities.Application[ applicationID=3 ]; ]'),(74,'f14000003','2014-09-21 21:00:09','Linked grant holder to new application [ Method = linkGrantHolderToApplication ] [ Parameters: com.softserve.system.Session@1c8a59; com.softserve.DBEntities.Application[ applicationID=3 ]; com.softserve.DBEntities.Person[ systemID=u12019837 ]; ]'),(75,'f14000003','2014-09-21 21:00:12','Submitted a new application [ Method = submitApplication ] [ Parameters: com.softserve.system.Session@15a6bf6; com.softserve.DBEntities.Application[ applicationID=3 ]; ]'),(76,'u12019837','2014-09-21 21:02:44',' [ Method = login ] [ Parameters: com.softserve.system.Session@520f1e; ]'),(77,'u12019837','2014-09-21 21:02:44',' [ Method = getAllActiveMeetingsForWhichUserIsToAttend ] [ Parameters: com.softserve.system.Session@1a15c19; ]'),(78,'u12019837','2014-09-21 21:02:44',' [ Method = allApplicationsWithPendingReportsForUser ] [ Parameters: com.softserve.system.Session@14f0165; ]'),(79,'u12019837','2014-09-21 21:02:44',' [ Method = getRenewableApplicationsForFellow ] [ Parameters: com.softserve.system.Session@7f3c45; com.softserve.DBEntities.Person[ systemID=u12019837 ]; ]'),(80,'u12019837','2014-09-21 21:02:44',' [ Method = loadAllPendingOnDemandAccounts ] [ Parameters: com.softserve.system.Session@5e1d45; ]'),(81,'u12019837','2014-09-21 21:02:47',' [ Method = getAllActiveMeetingsForWhichUserIsToAttend ] [ Parameters: com.softserve.system.Session@79fbea; ]'),(82,'u12019837','2014-09-21 21:02:48',' [ Method = allApplicationsWithPendingReportsForUser ] [ Parameters: com.softserve.system.Session@da276e; ]'),(83,'u12019837','2014-09-21 21:02:48',' [ Method = getRenewableApplicationsForFellow ] [ Parameters: com.softserve.system.Session@9f861b; com.softserve.DBEntities.Person[ systemID=u12019837 ]; ]'),(84,'u12019837','2014-09-21 21:02:48',' [ Method = loadAllPendingOnDemandAccounts ] [ Parameters: com.softserve.system.Session@193b414; ]'),(85,'u12019837','2014-09-21 21:02:50',' [ Method = getAllApplications ] [ Parameters: com.softserve.system.Session@fcab87; ]'),(86,'u12019837','2014-09-21 21:02:50',' [ Method = getAllActiveMeetingsForWhichUserIsToAttend ] [ Parameters: com.softserve.system.Session@1c0215a; ]'),(87,'u12019837','2014-09-21 21:02:50',' [ Method = allApplicationsWithPendingReportsForUser ] [ Parameters: com.softserve.system.Session@1daf7e9; ]'),(88,'u12019837','2014-09-21 21:02:50',' [ Method = getRenewableApplicationsForFellow ] [ Parameters: com.softserve.system.Session@1fec67; com.softserve.DBEntities.Person[ systemID=u12019837 ]; ]'),(89,'u12019837','2014-09-21 21:02:50',' [ Method = loadAllPendingOnDemandAccounts ] [ Parameters: com.softserve.system.Session@19e454b; ]'),(90,'u12019837','2014-09-21 21:03:05',' [ Method = getAllActiveMeetingsForWhichUserIsToAttend ] [ Parameters: com.softserve.system.Session@1e14895; ]'),(91,'u12019837','2014-09-21 21:03:06',' [ Method = allApplicationsWithPendingReportsForUser ] [ Parameters: com.softserve.system.Session@b1ff3d; ]'),(92,'u12019837','2014-09-21 21:03:06',' [ Method = getRenewableApplicationsForFellow ] [ Parameters: com.softserve.system.Session@d99ea5; com.softserve.DBEntities.Person[ systemID=u12019837 ]; ]'),(93,'u12019837','2014-09-21 21:03:06',' [ Method = loadAllPendingOnDemandAccounts ] [ Parameters: com.softserve.system.Session@fa9fac; ]'),(94,'u12019837','2014-09-21 21:03:06',' [ Method = getApplicationProgress ] [ Parameters: com.softserve.system.Session@1d1ce41; com.softserve.DBEntities.Application[ applicationID=3 ]; ]'),(95,'u12019837','2014-09-21 21:03:22',' [ Method = getApplicationProgress ] [ Parameters: com.softserve.system.Session@72b21c; com.softserve.DBEntities.Application[ applicationID=3 ]; ]'),(96,'u12019837','2014-09-21 21:03:22',' [ Method = getApplicationProgress ] [ Parameters: com.softserve.system.Session@acc3e9; com.softserve.DBEntities.Application[ applicationID=3 ]; ]'),(97,'u12019837','2014-09-21 21:03:22',' [ Method = getApplicationProgress ] [ Parameters: com.softserve.system.Session@4b148a; com.softserve.DBEntities.Application[ applicationID=3 ]; ]'),(98,'u12019837','2014-09-21 21:03:22',' [ Method = getApplicationProgress ] [ Parameters: com.softserve.system.Session@74cd76; com.softserve.DBEntities.Application[ applicationID=3 ]; ]'),(99,'u12019837','2014-09-21 21:03:22',' [ Method = getApplicationProgress ] [ Parameters: com.softserve.system.Session@1214280; com.softserve.DBEntities.Application[ applicationID=3 ]; ]'),(100,'u12019837','2014-09-21 21:03:22',' [ Method = getApplicationProgress ] [ Parameters: com.softserve.system.Session@92e1d0; com.softserve.DBEntities.Application[ applicationID=3 ]; ]'),(101,'u12019837','2014-09-21 21:03:23',' [ Method = getAllApplications ] [ Parameters: com.softserve.system.Session@89ffcb; ]'),(102,'u12019837','2014-09-21 21:03:23',' [ Method = getAllActiveMeetingsForWhichUserIsToAttend ] [ Parameters: com.softserve.system.Session@1068fdb; ]'),(103,'u12019837','2014-09-21 21:03:23',' [ Method = allApplicationsWithPendingReportsForUser ] [ Parameters: com.softserve.system.Session@1a23337; ]'),(104,'u12019837','2014-09-21 21:03:23',' [ Method = getRenewableApplicationsForFellow ] [ Parameters: com.softserve.system.Session@102c6c1; com.softserve.DBEntities.Person[ systemID=u12019837 ]; ]'),(105,'u12019837','2014-09-21 21:03:23',' [ Method = loadAllPendingOnDemandAccounts ] [ Parameters: com.softserve.system.Session@1de2737; ]'),(106,'u12019837','2014-09-21 21:03:26',' [ Method = getAllActiveMeetingsForWhichUserIsToAttend ] [ Parameters: com.softserve.system.Session@19833f4; ]'),(107,'u12019837','2014-09-21 21:03:26',' [ Method = allApplicationsWithPendingReportsForUser ] [ Parameters: com.softserve.system.Session@9e0695; ]'),(108,'u12019837','2014-09-21 21:03:26',' [ Method = getRenewableApplicationsForFellow ] [ Parameters: com.softserve.system.Session@208882; com.softserve.DBEntities.Person[ systemID=u12019837 ]; ]'),(109,'u12019837','2014-09-21 21:03:26',' [ Method = loadAllPendingOnDemandAccounts ] [ Parameters: com.softserve.system.Session@10fc241; ]'),(110,'u12019837','2014-09-21 21:03:29',' [ Method = loadPendingApplications ] [ Parameters: com.softserve.system.Session@977e24; 0; 2147483647; ]'),(111,'u12019837','2014-09-21 21:03:30',' [ Method = getAllActiveMeetingsForWhichUserIsToAttend ] [ Parameters: com.softserve.system.Session@36edfc; ]'),(112,'u12019837','2014-09-21 21:03:30',' [ Method = allApplicationsWithPendingReportsForUser ] [ Parameters: com.softserve.system.Session@392a6c; ]'),(113,'u12019837','2014-09-21 21:03:30',' [ Method = getRenewableApplicationsForFellow ] [ Parameters: com.softserve.system.Session@1a32e2b; com.softserve.DBEntities.Person[ systemID=u12019837 ]; ]'),(114,'u12019837','2014-09-21 21:03:30',' [ Method = loadAllPendingOnDemandAccounts ] [ Parameters: com.softserve.system.Session@1e866f0; ]'),(115,'u12019837','2014-09-21 21:03:49',' [ Method = getAllActiveMeetingsForWhichUserIsToAttend ] [ Parameters: com.softserve.system.Session@a59341; ]'),(116,'u12019837','2014-09-21 21:03:49',' [ Method = allApplicationsWithPendingReportsForUser ] [ Parameters: com.softserve.system.Session@5d1f9d; ]'),(117,'u12019837','2014-09-21 21:03:49',' [ Method = getRenewableApplicationsForFellow ] [ Parameters: com.softserve.system.Session@12d2d72; com.softserve.DBEntities.Person[ systemID=u12019837 ]; ]'),(118,'u12019837','2014-09-21 21:03:49',' [ Method = loadAllPendingOnDemandAccounts ] [ Parameters: com.softserve.system.Session@1345ec4; ]'),(119,'u12019837','2014-09-21 21:03:49',' [ Method = getHODsOfApplication ] [ Parameters: com.softserve.system.Session@1e3bdce; com.softserve.DBEntities.Application[ applicationID=3 ]; ]'),(120,'u12019837','2014-09-21 21:05:02',' [ Method = authenticateUserAsOwner ] [ Parameters: com.softserve.system.Session@789a73; com.softserve.DBEntities.Cv[ cvID=u12019837 ]; ]'),(121,'u12019837','2014-09-21 21:05:03','Created CV [ Method = createCV ] [ Parameters: com.softserve.system.Session@789a73; com.softserve.DBEntities.Cv[ cvID=u12019837 ]; ]'),(122,'u12019837','2014-09-21 21:05:03',' [ Method = createGrantHolderCV ] [ Parameters: com.softserve.system.Session@789a73; com.softserve.DBEntities.Cv[ cvID=u12019837 ]; ]'),(123,'u12019837','2014-09-21 21:05:20',' [ Method = saveChangesToApplication ] [ Parameters: com.softserve.system.Session@15aba7f; com.softserve.DBEntities.Application[ applicationID=3 ]; ]'),(124,'u12019837','2014-09-21 21:05:25',' [ Method = requestSpecificHODtoReview ] [ Parameters: com.softserve.system.Session@1f27cbe; com.softserve.DBEntities.Application[ applicationID=3 ]; com.softserve.DBEntities.Person[ systemID=u12019837 ]; ]'),(125,'u12019837','2014-09-21 21:05:25',' [ Method = finaliseApplication ] [ Parameters: com.softserve.system.Session@1f27cbe; com.softserve.DBEntities.Application[ applicationID=3 ]; ]'),(126,'u12019837','2014-09-21 21:05:25',' [ Method = loadPendingApplications ] [ Parameters: com.softserve.system.Session@92ee2c; 0; 2147483647; ]'),(127,'u12019837','2014-09-21 21:05:25',' [ Method = getAllActiveMeetingsForWhichUserIsToAttend ] [ Parameters: com.softserve.system.Session@2e9b88; ]'),(128,'u12019837','2014-09-21 21:05:25',' [ Method = allApplicationsWithPendingReportsForUser ] [ Parameters: com.softserve.system.Session@1552841; ]'),(129,'u12019837','2014-09-21 21:05:25',' [ Method = getRenewableApplicationsForFellow ] [ Parameters: com.softserve.system.Session@1b4ece5; com.softserve.DBEntities.Person[ systemID=u12019837 ]; ]'),(130,'u12019837','2014-09-21 21:05:25',' [ Method = loadAllPendingOnDemandAccounts ] [ Parameters: com.softserve.system.Session@f2ac97; ]'),(131,'u12019837','2014-09-21 21:05:34',' [ Method = getAllActiveMeetingsForWhichUserIsToAttend ] [ Parameters: com.softserve.system.Session@12552fa; ]'),(132,'u12019837','2014-09-21 21:05:34',' [ Method = allApplicationsWithPendingReportsForUser ] [ Parameters: com.softserve.system.Session@1655bfa; ]'),(133,'u12019837','2014-09-21 21:05:34',' [ Method = getRenewableApplicationsForFellow ] [ Parameters: com.softserve.system.Session@48c146; com.softserve.DBEntities.Person[ systemID=u12019837 ]; ]'),(134,'u12019837','2014-09-21 21:05:34',' [ Method = loadAllPendingOnDemandAccounts ] [ Parameters: com.softserve.system.Session@ba4f36; ]'),(135,'u12019837','2014-09-21 21:05:36',' [ Method = getAllApplications ] [ Parameters: com.softserve.system.Session@febe4b; ]'),(136,'u12019837','2014-09-21 21:05:36',' [ Method = getAllActiveMeetingsForWhichUserIsToAttend ] [ Parameters: com.softserve.system.Session@1dbb65; ]'),(137,'u12019837','2014-09-21 21:05:36',' [ Method = allApplicationsWithPendingReportsForUser ] [ Parameters: com.softserve.system.Session@192dafc; ]'),(138,'u12019837','2014-09-21 21:05:36',' [ Method = getRenewableApplicationsForFellow ] [ Parameters: com.softserve.system.Session@1ec5a26; com.softserve.DBEntities.Person[ systemID=u12019837 ]; ]'),(139,'u12019837','2014-09-21 21:05:36',' [ Method = loadAllPendingOnDemandAccounts ] [ Parameters: com.softserve.system.Session@70ff42; ]'),(140,'u12019837','2014-09-21 21:06:15',' [ Method = getAllActiveMeetingsForWhichUserIsToAttend ] [ Parameters: com.softserve.system.Session@78c97f; ]'),(141,'u12019837','2014-09-21 21:06:15',' [ Method = allApplicationsWithPendingReportsForUser ] [ Parameters: com.softserve.system.Session@f6cb34; ]'),(142,'u12019837','2014-09-21 21:06:15',' [ Method = getRenewableApplicationsForFellow ] [ Parameters: com.softserve.system.Session@148b187; com.softserve.DBEntities.Person[ systemID=u12019837 ]; ]'),(143,'u12019837','2014-09-21 21:06:15',' [ Method = loadAllPendingOnDemandAccounts ] [ Parameters: com.softserve.system.Session@71f294; ]'),(144,'u12019837','2014-09-21 21:06:16',' [ Method = getAllActiveMeetingsForWhichUserIsToAttend ] [ Parameters: com.softserve.system.Session@1f75078; ]'),(145,'u12019837','2014-09-21 21:06:16',' [ Method = allApplicationsWithPendingReportsForUser ] [ Parameters: com.softserve.system.Session@a2fc87; ]'),(146,'u12019837','2014-09-21 21:06:16',' [ Method = getRenewableApplicationsForFellow ] [ Parameters: com.softserve.system.Session@f7c69; com.softserve.DBEntities.Person[ systemID=u12019837 ]; ]'),(147,'u12019837','2014-09-21 21:06:16',' [ Method = loadAllPendingOnDemandAccounts ] [ Parameters: com.softserve.system.Session@1488bb; ]'),(148,'u12019837','2014-09-21 21:06:20',' [ Method = getAllActiveMeetingsForWhichUserIsToAttend ] [ Parameters: com.softserve.system.Session@1b91235; ]'),(149,'u12019837','2014-09-21 21:06:20',' [ Method = allApplicationsWithPendingReportsForUser ] [ Parameters: com.softserve.system.Session@cf44c3; ]'),(150,'u12019837','2014-09-21 21:06:20',' [ Method = getRenewableApplicationsForFellow ] [ Parameters: com.softserve.system.Session@af8d2f; com.softserve.DBEntities.Person[ systemID=u12019837 ]; ]'),(151,'u12019837','2014-09-21 21:06:20',' [ Method = loadAllPendingOnDemandAccounts ] [ Parameters: com.softserve.system.Session@1b9a7b3; ]'),(152,'u12019837','2014-09-21 21:06:20',' [ Method = viewAllUserAccounts ] [ Parameters: com.softserve.system.Session@190bea7; ]'),(153,'u12019837','2014-09-21 21:06:22',' [ Method = getAllActiveMeetingsForWhichUserIsToAttend ] [ Parameters: com.softserve.system.Session@1f03346; ]'),(154,'u12019837','2014-09-21 21:06:22',' [ Method = allApplicationsWithPendingReportsForUser ] [ Parameters: com.softserve.system.Session@13e2b20; ]'),(155,'u12019837','2014-09-21 21:06:22',' [ Method = getRenewableApplicationsForFellow ] [ Parameters: com.softserve.system.Session@11bbaa1; com.softserve.DBEntities.Person[ systemID=u12019837 ]; ]'),(156,'u12019837','2014-09-21 21:06:22',' [ Method = loadAllPendingOnDemandAccounts ] [ Parameters: com.softserve.system.Session@228feb; ]'),(157,'u12019837','2014-09-21 21:06:29',' [ Method = logout ] [ Parameters: com.softserve.system.Session@fc370e; ]'),(158,'f14000004','2014-09-21 21:08:20','Created new user account'),(159,'f14000004','2014-09-21 21:08:20',' [ Method = login ] [ Parameters: com.softserve.system.Session@9bc1d8; ]'),(160,'f14000001','2014-09-21 21:09:59',' [ Method = login ] [ Parameters: com.softserve.system.Session@1aa92fe; ]'),(161,'f14000001','2014-09-21 21:10:38',' [ Method = logout ] [ Parameters: com.softserve.system.Session@f72bce; ]'),(162,'u12019837','2014-09-21 21:10:47',' [ Method = login ] [ Parameters: com.softserve.system.Session@1f0b6e3; ]'),(163,'u12019837','2014-09-21 21:10:47',' [ Method = getAllActiveMeetingsForWhichUserIsToAttend ] [ Parameters: com.softserve.system.Session@3efffc; ]'),(164,'u12019837','2014-09-21 21:10:47',' [ Method = allApplicationsWithPendingReportsForUser ] [ Parameters: com.softserve.system.Session@e59ac1; ]'),(165,'u12019837','2014-09-21 21:10:47',' [ Method = getRenewableApplicationsForFellow ] [ Parameters: com.softserve.system.Session@a5f969; com.softserve.DBEntities.Person[ systemID=u12019837 ]; ]'),(166,'u12019837','2014-09-21 21:10:47',' [ Method = loadAllPendingOnDemandAccounts ] [ Parameters: com.softserve.system.Session@d7b6f9; ]'),(167,'u12019837','2014-09-21 21:10:49',' [ Method = getAllActiveMeetingsForWhichUserIsToAttend ] [ Parameters: com.softserve.system.Session@f0d798; ]'),(168,'u12019837','2014-09-21 21:10:49',' [ Method = allApplicationsWithPendingReportsForUser ] [ Parameters: com.softserve.system.Session@a26c5b; ]'),(169,'u12019837','2014-09-21 21:10:49',' [ Method = getRenewableApplicationsForFellow ] [ Parameters: com.softserve.system.Session@104f3e3; com.softserve.DBEntities.Person[ systemID=u12019837 ]; ]'),(170,'u12019837','2014-09-21 21:10:49',' [ Method = loadAllPendingOnDemandAccounts ] [ Parameters: com.softserve.system.Session@1d3fc8f; ]'),(171,'u12019837','2014-09-21 21:10:51',' [ Method = getAllApplications ] [ Parameters: com.softserve.system.Session@10ae94c; ]'),(172,'u12019837','2014-09-21 21:10:51',' [ Method = getAllActiveMeetingsForWhichUserIsToAttend ] [ Parameters: com.softserve.system.Session@c78565; ]'),(173,'u12019837','2014-09-21 21:10:52',' [ Method = allApplicationsWithPendingReportsForUser ] [ Parameters: com.softserve.system.Session@d977f2; ]'),(174,'u12019837','2014-09-21 21:10:52',' [ Method = getRenewableApplicationsForFellow ] [ Parameters: com.softserve.system.Session@70c559; com.softserve.DBEntities.Person[ systemID=u12019837 ]; ]'),(175,'u12019837','2014-09-21 21:10:52',' [ Method = loadAllPendingOnDemandAccounts ] [ Parameters: com.softserve.system.Session@1d42cdd; ]'),(176,'u12019837','2014-09-21 21:11:50',' [ Method = login ] [ Parameters: com.softserve.system.Session@13fe06; ]'),(177,'u12019837','2014-09-21 21:11:51',' [ Method = getAllActiveMeetingsForWhichUserIsToAttend ] [ Parameters: com.softserve.system.Session@df67b4; ]'),(178,'u12019837','2014-09-21 21:11:51',' [ Method = allApplicationsWithPendingReportsForUser ] [ Parameters: com.softserve.system.Session@c508d8; ]'),(179,'u12019837','2014-09-21 21:11:51',' [ Method = getRenewableApplicationsForFellow ] [ Parameters: com.softserve.system.Session@cfa371; com.softserve.DBEntities.Person[ systemID=u12019837 ]; ]'),(180,'u12019837','2014-09-21 21:11:52',' [ Method = loadAllPendingOnDemandAccounts ] [ Parameters: com.softserve.system.Session@46ec47; ]'),(181,'u12019837','2014-09-21 21:11:54',' [ Method = getAllActiveMeetingsForWhichUserIsToAttend ] [ Parameters: com.softserve.system.Session@ddc485; ]'),(182,'u12019837','2014-09-21 21:11:54',' [ Method = allApplicationsWithPendingReportsForUser ] [ Parameters: com.softserve.system.Session@fc5ec9; ]'),(183,'u12019837','2014-09-21 21:11:54',' [ Method = getRenewableApplicationsForFellow ] [ Parameters: com.softserve.system.Session@1e218c5; com.softserve.DBEntities.Person[ systemID=u12019837 ]; ]'),(184,'u12019837','2014-09-21 21:11:54',' [ Method = loadAllPendingOnDemandAccounts ] [ Parameters: com.softserve.system.Session@1c665c9; ]'),(185,'u12019837','2014-09-21 21:12:00',' [ Method = getAllApplications ] [ Parameters: com.softserve.system.Session@1a1bf4e; ]'),(186,'u12019837','2014-09-21 21:12:00',' [ Method = getAllActiveMeetingsForWhichUserIsToAttend ] [ Parameters: com.softserve.system.Session@1efdf06; ]'),(187,'u12019837','2014-09-21 21:12:01',' [ Method = allApplicationsWithPendingReportsForUser ] [ Parameters: com.softserve.system.Session@10d2dc0; ]'),(188,'u12019837','2014-09-21 21:12:01',' [ Method = getRenewableApplicationsForFellow ] [ Parameters: com.softserve.system.Session@b2847f; com.softserve.DBEntities.Person[ systemID=u12019837 ]; ]'),(189,'u12019837','2014-09-21 21:12:01',' [ Method = loadAllPendingOnDemandAccounts ] [ Parameters: com.softserve.system.Session@17480f0; ]'),(190,'u12019837','2014-09-21 21:12:10',' [ Method = getAllActiveMeetingsForWhichUserIsToAttend ] [ Parameters: com.softserve.system.Session@7fea74; ]'),(191,'u12019837','2014-09-21 21:12:10',' [ Method = allApplicationsWithPendingReportsForUser ] [ Parameters: com.softserve.system.Session@18aa992; ]'),(192,'u12019837','2014-09-21 21:12:10',' [ Method = getRenewableApplicationsForFellow ] [ Parameters: com.softserve.system.Session@19e18f2; com.softserve.DBEntities.Person[ systemID=u12019837 ]; ]'),(193,'u12019837','2014-09-21 21:12:10',' [ Method = loadAllPendingOnDemandAccounts ] [ Parameters: com.softserve.system.Session@192e8f5; ]'),(194,'u12019837','2014-09-21 21:12:18',' [ Method = getAllActiveMeetingsForWhichUserIsToAttend ] [ Parameters: com.softserve.system.Session@142dffb; ]'),(195,'u12019837','2014-09-21 21:12:19',' [ Method = allApplicationsWithPendingReportsForUser ] [ Parameters: com.softserve.system.Session@17cd416; ]'),(196,'u12019837','2014-09-21 21:12:20',' [ Method = getRenewableApplicationsForFellow ] [ Parameters: com.softserve.system.Session@8b3660; com.softserve.DBEntities.Person[ systemID=u12019837 ]; ]'),(197,'u12019837','2014-09-21 21:12:20',' [ Method = loadAllPendingOnDemandAccounts ] [ Parameters: com.softserve.system.Session@193c972; ]'),(198,'u12019837','2014-09-21 21:12:22',' [ Method = getAllActiveMeetingsForWhichUserIsToAttend ] [ Parameters: com.softserve.system.Session@a7edc0; ]'),(199,'u12019837','2014-09-21 21:12:22',' [ Method = allApplicationsWithPendingReportsForUser ] [ Parameters: com.softserve.system.Session@1422072; ]'),(200,'u12019837','2014-09-21 21:12:22',' [ Method = getRenewableApplicationsForFellow ] [ Parameters: com.softserve.system.Session@1af8e77; com.softserve.DBEntities.Person[ systemID=u12019837 ]; ]'),(201,'u12019837','2014-09-21 21:12:23',' [ Method = loadAllPendingOnDemandAccounts ] [ Parameters: com.softserve.system.Session@59a8cf; ]'),(202,'u12019837','2014-09-21 21:12:23',' [ Method = viewAllUserAccounts ] [ Parameters: com.softserve.system.Session@af2701; ]'),(203,'u12019837','2014-09-21 21:12:25',' [ Method = getAllActiveMeetingsForWhichUserIsToAttend ] [ Parameters: com.softserve.system.Session@95c99a; ]'),(204,'u12019837','2014-09-21 21:12:25',' [ Method = allApplicationsWithPendingReportsForUser ] [ Parameters: com.softserve.system.Session@f9177d; ]'),(205,'u12019837','2014-09-21 21:12:25',' [ Method = getRenewableApplicationsForFellow ] [ Parameters: com.softserve.system.Session@44a233; com.softserve.DBEntities.Person[ systemID=u12019837 ]; ]'),(206,'u12019837','2014-09-21 21:12:25',' [ Method = loadAllPendingOnDemandAccounts ] [ Parameters: com.softserve.system.Session@23a362; ]'),(207,'u12019837','2014-09-21 21:12:29',' [ Method = logout ] [ Parameters: com.softserve.system.Session@6d2153; ]'),(208,'f14000004','2014-09-21 21:12:41',' [ Method = login ] [ Parameters: com.softserve.system.Session@18d029c; ]'),(209,'f14000004','2014-09-21 21:12:58',' [ Method = getOpenApplication ] [ Parameters: com.softserve.system.Session@1ecf284; ]'),(210,'f14000004','2014-09-21 21:14:30',' [ Method = authenticateUserAsOwner ] [ Parameters: com.softserve.system.Session@864e6b; com.softserve.DBEntities.Cv[ cvID=f14000004 ]; ]'),(211,'f14000004','2014-09-21 21:14:30','Created CV [ Method = createCV ] [ Parameters: com.softserve.system.Session@864e6b; com.softserve.DBEntities.Cv[ cvID=f14000004 ]; ]'),(212,'f14000004','2014-09-21 21:14:30','Updated/Created CV [ Method = createProspectiveFellowCV ] [ Parameters: com.softserve.system.Session@864e6b; com.softserve.DBEntities.Cv[ cvID=f14000004 ]; ]'),(213,'f14000004','2014-09-21 21:15:31','Created/Updated a new application [ Method = createNewApplication ] [ Parameters: com.softserve.system.Session@b98cf7; com.softserve.DBEntities.Application[ applicationID=4 ]; ]'),(214,'f14000004','2014-09-21 21:15:35','Linked grant holder to new application [ Method = linkGrantHolderToApplication ] [ Parameters: com.softserve.system.Session@1b8c2eb; com.softserve.DBEntities.Application[ applicationID=4 ]; com.softserve.DBEntities.Person[ systemID=u12019837 ]; ]'),(215,'f14000004','2014-09-21 21:15:39','Submitted a new application [ Method = submitApplication ] [ Parameters: com.softserve.system.Session@1aa0dce; com.softserve.DBEntities.Application[ applicationID=4 ]; ]'),(216,'f14000004','2014-09-21 21:15:53',' [ Method = logout ] [ Parameters: com.softserve.system.Session@18f5727; ]'),(217,'u12019837','2014-09-21 21:15:57',' [ Method = login ] [ Parameters: com.softserve.system.Session@16f5734; ]'),(218,'u12019837','2014-09-21 21:15:57',' [ Method = getAllActiveMeetingsForWhichUserIsToAttend ] [ Parameters: com.softserve.system.Session@f384b9; ]'),(219,'u12019837','2014-09-21 21:15:57',' [ Method = allApplicationsWithPendingReportsForUser ] [ Parameters: com.softserve.system.Session@1b748c8; ]'),(220,'u12019837','2014-09-21 21:15:57',' [ Method = getRenewableApplicationsForFellow ] [ Parameters: com.softserve.system.Session@9883e0; com.softserve.DBEntities.Person[ systemID=u12019837 ]; ]'),(221,'u12019837','2014-09-21 21:15:57',' [ Method = loadAllPendingOnDemandAccounts ] [ Parameters: com.softserve.system.Session@1a19a8f; ]'),(222,'u12019837','2014-09-21 21:16:00',' [ Method = getAllActiveMeetingsForWhichUserIsToAttend ] [ Parameters: com.softserve.system.Session@1417c50; ]'),(223,'u12019837','2014-09-21 21:16:00',' [ Method = allApplicationsWithPendingReportsForUser ] [ Parameters: com.softserve.system.Session@cf13dd; ]'),(224,'u12019837','2014-09-21 21:16:00',' [ Method = getRenewableApplicationsForFellow ] [ Parameters: com.softserve.system.Session@1260e9c; com.softserve.DBEntities.Person[ systemID=u12019837 ]; ]'),(225,'u12019837','2014-09-21 21:16:00',' [ Method = loadAllPendingOnDemandAccounts ] [ Parameters: com.softserve.system.Session@18dc4c8; ]'),(226,'u12019837','2014-09-21 21:16:03',' [ Method = loadPendingApplications ] [ Parameters: com.softserve.system.Session@1fca6e3; 0; 2147483647; ]'),(227,'u12019837','2014-09-21 21:16:03',' [ Method = getAllActiveMeetingsForWhichUserIsToAttend ] [ Parameters: com.softserve.system.Session@150f4a3; ]'),(228,'u12019837','2014-09-21 21:16:03',' [ Method = allApplicationsWithPendingReportsForUser ] [ Parameters: com.softserve.system.Session@1ce14ef; ]'),(229,'u12019837','2014-09-21 21:16:03',' [ Method = getRenewableApplicationsForFellow ] [ Parameters: com.softserve.system.Session@e59407; com.softserve.DBEntities.Person[ systemID=u12019837 ]; ]'),(230,'u12019837','2014-09-21 21:16:03',' [ Method = loadAllPendingOnDemandAccounts ] [ Parameters: com.softserve.system.Session@1cb4168; ]'),(231,'u12019837','2014-09-21 21:16:10',' [ Method = getAllActiveMeetingsForWhichUserIsToAttend ] [ Parameters: com.softserve.system.Session@100c542; ]'),(232,'u12019837','2014-09-21 21:16:10',' [ Method = allApplicationsWithPendingReportsForUser ] [ Parameters: com.softserve.system.Session@103eede; ]'),(233,'u12019837','2014-09-21 21:16:10',' [ Method = getRenewableApplicationsForFellow ] [ Parameters: com.softserve.system.Session@1c6591c; com.softserve.DBEntities.Person[ systemID=u12019837 ]; ]'),(234,'u12019837','2014-09-21 21:16:10',' [ Method = loadAllPendingOnDemandAccounts ] [ Parameters: com.softserve.system.Session@2386cb; ]'),(235,'u12019837','2014-09-21 21:16:11',' [ Method = getHODsOfApplication ] [ Parameters: com.softserve.system.Session@c5de93; com.softserve.DBEntities.Application[ applicationID=4 ]; ]'),(236,'u12019837','2014-09-21 21:16:15',' [ Method = authenticateUserAsOwner ] [ Parameters: com.softserve.system.Session@1e276b0; com.softserve.DBEntities.Cv[ cvID=u12019837 ]; ]'),(237,'u12019837','2014-09-21 21:16:15','Updated CV [ Method = updateCV ] [ Parameters: com.softserve.system.Session@1e276b0; com.softserve.DBEntities.Cv[ cvID=u12019837 ]; ]'),(238,'u12019837','2014-09-21 21:16:15',' [ Method = createGrantHolderCV ] [ Parameters: com.softserve.system.Session@1e276b0; com.softserve.DBEntities.Cv[ cvID=u12019837 ]; ]'),(239,'u12019837','2014-09-21 21:16:16',' [ Method = saveChangesToApplication ] [ Parameters: com.softserve.system.Session@eeaa7e; com.softserve.DBEntities.Application[ applicationID=4 ]; ]'),(240,'u12019837','2014-09-21 21:16:22',' [ Method = requestSpecificHODtoReview ] [ Parameters: com.softserve.system.Session@1d647b5; com.softserve.DBEntities.Application[ applicationID=4 ]; com.softserve.DBEntities.Person[ systemID=u12019837 ]; ]'),(241,'u12019837','2014-09-21 21:16:22',' [ Method = finaliseApplication ] [ Parameters: com.softserve.system.Session@1d647b5; com.softserve.DBEntities.Application[ applicationID=4 ]; ]'),(242,'u12019837','2014-09-21 21:16:22',' [ Method = loadPendingApplications ] [ Parameters: com.softserve.system.Session@2faff5; 0; 2147483647; ]'),(243,'u12019837','2014-09-21 21:16:22',' [ Method = getAllActiveMeetingsForWhichUserIsToAttend ] [ Parameters: com.softserve.system.Session@6b8cb3; ]'),(244,'u12019837','2014-09-21 21:16:22',' [ Method = allApplicationsWithPendingReportsForUser ] [ Parameters: com.softserve.system.Session@50caf4; ]'),(245,'u12019837','2014-09-21 21:16:22',' [ Method = getRenewableApplicationsForFellow ] [ Parameters: com.softserve.system.Session@b6c02c; com.softserve.DBEntities.Person[ systemID=u12019837 ]; ]'),(246,'u12019837','2014-09-21 21:16:23',' [ Method = loadAllPendingOnDemandAccounts ] [ Parameters: com.softserve.system.Session@a7f607; ]'),(247,'u12019837','2014-09-21 21:16:27',' [ Method = getAllActiveMeetingsForWhichUserIsToAttend ] [ Parameters: com.softserve.system.Session@1f6b82; ]'),(248,'u12019837','2014-09-21 21:16:27',' [ Method = allApplicationsWithPendingReportsForUser ] [ Parameters: com.softserve.system.Session@eebc9e; ]'),(249,'u12019837','2014-09-21 21:16:27',' [ Method = getRenewableApplicationsForFellow ] [ Parameters: com.softserve.system.Session@1e7ed75; com.softserve.DBEntities.Person[ systemID=u12019837 ]; ]'),(250,'u12019837','2014-09-21 21:16:27',' [ Method = loadAllPendingOnDemandAccounts ] [ Parameters: com.softserve.system.Session@984d11; ]'),(251,'u12019837','2014-09-21 21:16:30',' [ Method = loadPendingApplications ] [ Parameters: com.softserve.system.Session@bc8d45; 0; 2147483647; ]'),(252,'u12019837','2014-09-21 21:16:30',' [ Method = getAllActiveMeetingsForWhichUserIsToAttend ] [ Parameters: com.softserve.system.Session@cc5765; ]'),(253,'u12019837','2014-09-21 21:16:30',' [ Method = allApplicationsWithPendingReportsForUser ] [ Parameters: com.softserve.system.Session@d4443a; ]'),(254,'u12019837','2014-09-21 21:16:30',' [ Method = getRenewableApplicationsForFellow ] [ Parameters: com.softserve.system.Session@3e7120; com.softserve.DBEntities.Person[ systemID=u12019837 ]; ]'),(255,'u12019837','2014-09-21 21:16:30',' [ Method = loadAllPendingOnDemandAccounts ] [ Parameters: com.softserve.system.Session@d2c4a4; ]'),(256,'u12019837','2014-09-21 21:16:34',' [ Method = getAllActiveMeetingsForWhichUserIsToAttend ] [ Parameters: com.softserve.system.Session@102c6d1; ]'),(257,'u12019837','2014-09-21 21:16:34',' [ Method = allApplicationsWithPendingReportsForUser ] [ Parameters: com.softserve.system.Session@debc2f; ]'),(258,'u12019837','2014-09-21 21:16:34',' [ Method = getRenewableApplicationsForFellow ] [ Parameters: com.softserve.system.Session@9ba882; com.softserve.DBEntities.Person[ systemID=u12019837 ]; ]'),(259,'u12019837','2014-09-21 21:16:35',' [ Method = loadAllPendingOnDemandAccounts ] [ Parameters: com.softserve.system.Session@ebf264; ]'),(260,'u12019837','2014-09-21 21:16:41',' [ Method = getAllActiveMeetingsForWhichUserIsToAttend ] [ Parameters: com.softserve.system.Session@1d68327; ]'),(261,'u12019837','2014-09-21 21:16:41',' [ Method = allApplicationsWithPendingReportsForUser ] [ Parameters: com.softserve.system.Session@1a47529; ]'),(262,'u12019837','2014-09-21 21:16:41',' [ Method = getRenewableApplicationsForFellow ] [ Parameters: com.softserve.system.Session@99a82a; com.softserve.DBEntities.Person[ systemID=u12019837 ]; ]'),(263,'u12019837','2014-09-21 21:16:42',' [ Method = loadAllPendingOnDemandAccounts ] [ Parameters: com.softserve.system.Session@18b216b; ]'),(264,'u12019837','2014-09-21 21:16:42',' [ Method = getDeansOfApplication ] [ Parameters: com.softserve.system.Session@94643b; com.softserve.DBEntities.Application[ applicationID=4 ]; ]'),(265,'u12019837','2014-09-21 21:17:00',' [ Method = requestSpecificDeanToReview ] [ Parameters: com.softserve.system.Session@376270; com.softserve.DBEntities.Application[ applicationID=4 ]; com.softserve.DBEntities.Person[ systemID=u12019837 ]; ] [ Exception = java.lang.Exception: You cannot, nor the fellow, nor the referees of your application can be requested to review application]'),(266,'u12019837','2014-09-21 21:17:54',' [ Method = getAllActiveMeetingsForWhichUserIsToAttend ] [ Parameters: com.softserve.system.Session@635c8e; ]'),(267,'u12019837','2014-09-21 21:17:54',' [ Method = allApplicationsWithPendingReportsForUser ] [ Parameters: com.softserve.system.Session@15be8f; ]'),(268,'u12019837','2014-09-21 21:17:54',' [ Method = getRenewableApplicationsForFellow ] [ Parameters: com.softserve.system.Session@b0e6fa; com.softserve.DBEntities.Person[ systemID=u12019837 ]; ]'),(269,'u12019837','2014-09-21 21:17:54',' [ Method = loadAllPendingOnDemandAccounts ] [ Parameters: com.softserve.system.Session@1fd70ed; ]'),(270,'u12019837','2014-09-21 21:18:43',' [ Method = getAllActiveMeetingsForWhichUserIsToAttend ] [ Parameters: com.softserve.system.Session@1c8bf84; ]'),(271,'u12019837','2014-09-21 21:18:43',' [ Method = allApplicationsWithPendingReportsForUser ] [ Parameters: com.softserve.system.Session@4c8a21; ]'),(272,'u12019837','2014-09-21 21:18:44',' [ Method = getRenewableApplicationsForFellow ] [ Parameters: com.softserve.system.Session@d97bc8; com.softserve.DBEntities.Person[ systemID=u12019837 ]; ]'),(273,'u12019837','2014-09-21 21:18:45',' [ Method = loadAllPendingOnDemandAccounts ] [ Parameters: com.softserve.system.Session@7d3abd; ]'),(274,'u12019837','2014-09-22 00:00:00',' [ Method = getAllActiveMeetingsForWhichUserIsToAttend ] [ Parameters: com.softserve.system.Session@11952aa; ]'),(275,'u12019837','2014-09-22 00:00:00',' [ Method = allApplicationsWithPendingReportsForUser ] [ Parameters: com.softserve.system.Session@1dba65a; ]'),(276,'u12019837','2014-09-22 00:00:01',' [ Method = getRenewableApplicationsForFellow ] [ Parameters: com.softserve.system.Session@16e9a1; com.softserve.DBEntities.Person[ systemID=u12019837 ]; ]'),(277,'u12019837','2014-09-22 00:00:01',' [ Method = loadAllPendingOnDemandAccounts ] [ Parameters: com.softserve.system.Session@16cb416; ]'),(278,'u12019837','2014-09-26 00:27:23',' [ Method = login ] [ Parameters: com.softserve.system.Session@15e34b3; ]'),(279,'u12019837','2014-09-26 00:27:26',' [ Method = login ] [ Parameters: com.softserve.system.Session@19c009f; ]'),(280,'u12019837','2014-09-26 00:27:30',' [ Method = getAllActiveMeetingsForWhichUserIsToAttend ] [ Parameters: com.softserve.system.Session@1f2644d; ]'),(281,'u12019837','2014-09-26 00:27:30',' [ Method = getAllActiveMeetingsForWhichUserIsToAttend ] [ Parameters: com.softserve.system.Session@274ed4; ]'),(282,'u12019837','2014-09-26 00:27:30',' [ Method = allApplicationsWithPendingReportsForUser ] [ Parameters: com.softserve.system.Session@1e8e39c; ]'),(283,'u12019837','2014-09-26 00:27:30',' [ Method = allApplicationsWithPendingReportsForUser ] [ Parameters: com.softserve.system.Session@183a7bb; ]'),(284,'u12019837','2014-09-26 00:27:30',' [ Method = getRenewableApplicationsForFellow ] [ Parameters: com.softserve.system.Session@13615e9; com.softserve.DBEntities.Person[ systemID=u12019837 ]; ]'),(285,'u12019837','2014-09-26 00:27:30',' [ Method = getRenewableApplicationsForFellow ] [ Parameters: com.softserve.system.Session@e025f2; com.softserve.DBEntities.Person[ systemID=u12019837 ]; ]'),(286,'u12019837','2014-09-26 00:27:31',' [ Method = loadAllPendingOnDemandAccounts ] [ Parameters: com.softserve.system.Session@1ac0093; ]'),(287,'u12019837','2014-09-26 00:27:31',' [ Method = loadAllPendingOnDemandAccounts ] [ Parameters: com.softserve.system.Session@13c300f; ]'),(288,'u12019837','2014-09-26 00:28:05',' [ Method = logout ] [ Parameters: com.softserve.system.Session@1937f3a; ]'),(289,'u12019837','2014-09-26 00:57:47',' [ Method = login ] [ Parameters: com.softserve.system.Session@1f8eb78; ]'),(290,'u12019837','2014-09-26 00:57:50',' [ Method = login ] [ Parameters: com.softserve.system.Session@b04dc; ]'),(291,'u12019837','2014-09-26 00:57:51',' [ Method = getAllActiveMeetingsForWhichUserIsToAttend ] [ Parameters: com.softserve.system.Session@1bfbd7c; ]'),(292,'u12019837','2014-09-26 00:57:51',' [ Method = getAllActiveMeetingsForWhichUserIsToAttend ] [ Parameters: com.softserve.system.Session@1f57ffc; ]'),(293,'u12019837','2014-09-26 00:57:51',' [ Method = allApplicationsWithPendingReportsForUser ] [ Parameters: com.softserve.system.Session@4bffb1; ]'),(294,'u12019837','2014-09-26 00:57:51',' [ Method = allApplicationsWithPendingReportsForUser ] [ Parameters: com.softserve.system.Session@cb61d7; ]'),(295,'u12019837','2014-09-26 00:57:51',' [ Method = getRenewableApplicationsForFellow ] [ Parameters: com.softserve.system.Session@1ba6451; com.softserve.DBEntities.Person[ systemID=u12019837 ]; ]'),(296,'u12019837','2014-09-26 00:57:51',' [ Method = getRenewableApplicationsForFellow ] [ Parameters: com.softserve.system.Session@69a177; com.softserve.DBEntities.Person[ systemID=u12019837 ]; ]'),(297,'u12019837','2014-09-26 00:57:51',' [ Method = loadAllPendingOnDemandAccounts ] [ Parameters: com.softserve.system.Session@1d045cc; ]'),(298,'u12019837','2014-09-26 00:57:51',' [ Method = loadAllPendingOnDemandAccounts ] [ Parameters: com.softserve.system.Session@113914f; ]'),(299,'u12019837','2014-09-26 00:58:10',' [ Method = logout ] [ Parameters: com.softserve.system.Session@12213db; ]'),(300,'u12019837','2014-09-26 00:58:19',' [ Method = login ] [ Parameters: com.softserve.system.Session@57878b; ]'),(301,'u12019837','2014-09-26 00:58:19',' [ Method = getAllActiveMeetingsForWhichUserIsToAttend ] [ Parameters: com.softserve.system.Session@142016f; ]'),(302,'u12019837','2014-09-26 00:58:19',' [ Method = allApplicationsWithPendingReportsForUser ] [ Parameters: com.softserve.system.Session@17beb8; ]'),(303,'u12019837','2014-09-26 00:58:19',' [ Method = getRenewableApplicationsForFellow ] [ Parameters: com.softserve.system.Session@175f41b; com.softserve.DBEntities.Person[ systemID=u12019837 ]; ]'),(304,'u12019837','2014-09-26 00:58:19',' [ Method = loadAllPendingOnDemandAccounts ] [ Parameters: com.softserve.system.Session@f78846; ]'),(305,'u12019837','2014-09-26 00:58:22',' [ Method = logout ] [ Parameters: com.softserve.system.Session@19a306d; ]'),(306,'u12019837','2014-09-26 00:59:29',' [ Method = login ] [ Parameters: com.softserve.system.Session@1dbe4e; ]'),(307,'u12019837','2014-09-26 00:59:31',' [ Method = getAllActiveMeetingsForWhichUserIsToAttend ] [ Parameters: com.softserve.system.Session@b61da8; ]'),(308,'u12019837','2014-09-26 00:59:31',' [ Method = allApplicationsWithPendingReportsForUser ] [ Parameters: com.softserve.system.Session@75138e; ]'),(309,'u12019837','2014-09-26 00:59:31',' [ Method = getRenewableApplicationsForFellow ] [ Parameters: com.softserve.system.Session@e127a8; com.softserve.DBEntities.Person[ systemID=u12019837 ]; ]'),(310,'u12019837','2014-09-26 00:59:31',' [ Method = loadAllPendingOnDemandAccounts ] [ Parameters: com.softserve.system.Session@1ad1f56; ]'),(311,'u12019837','2014-09-26 00:59:46',' [ Method = logout ] [ Parameters: com.softserve.system.Session@5a41d9; ]'),(312,'u12019837','2014-09-26 01:02:06',' [ Method = login ] [ Parameters: com.softserve.system.Session@1ff9cf9; ]'),(313,'u12019837','2014-09-26 01:02:06',' [ Method = getAllActiveMeetingsForWhichUserIsToAttend ] [ Parameters: com.softserve.system.Session@19e6b0d; ]'),(314,'u12019837','2014-09-26 01:02:06',' [ Method = allApplicationsWithPendingReportsForUser ] [ Parameters: com.softserve.system.Session@a368e7; ]'),(315,'u12019837','2014-09-26 01:02:06',' [ Method = getRenewableApplicationsForFellow ] [ Parameters: com.softserve.system.Session@13fcb7f; com.softserve.DBEntities.Person[ systemID=u12019837 ]; ]'),(316,'u12019837','2014-09-26 01:02:06',' [ Method = loadAllPendingOnDemandAccounts ] [ Parameters: com.softserve.system.Session@11ceebe; ]'),(317,'u12019837','2014-09-26 01:05:00',' [ Method = getAllActiveMeetingsForWhichUserIsToAttend ] [ Parameters: com.softserve.system.Session@1d2594f; ]'),(318,'u12019837','2014-09-26 01:05:01',' [ Method = allApplicationsWithPendingReportsForUser ] [ Parameters: com.softserve.system.Session@158e1d8; ]'),(319,'u12019837','2014-09-26 01:05:01',' [ Method = getRenewableApplicationsForFellow ] [ Parameters: com.softserve.system.Session@1ce0920; com.softserve.DBEntities.Person[ systemID=u12019837 ]; ]'),(320,'u12019837','2014-09-26 01:05:01',' [ Method = loadAllPendingOnDemandAccounts ] [ Parameters: com.softserve.system.Session@e68b2c; ]'),(321,'u12019837','2014-09-26 01:06:09',' [ Method = getAllActiveMeetingsForWhichUserIsToAttend ] [ Parameters: com.softserve.system.Session@1d64ed0; ]'),(322,'u12019837','2014-09-26 01:06:10',' [ Method = allApplicationsWithPendingReportsForUser ] [ Parameters: com.softserve.system.Session@141f0ba; ]'),(323,'u12019837','2014-09-26 01:06:10',' [ Method = getRenewableApplicationsForFellow ] [ Parameters: com.softserve.system.Session@6f1d5; com.softserve.DBEntities.Person[ systemID=u12019837 ]; ]'),(324,'u12019837','2014-09-26 01:06:10',' [ Method = loadAllPendingOnDemandAccounts ] [ Parameters: com.softserve.system.Session@1c3b04a; ]'),(325,'u12019837','2014-09-26 01:06:26',' [ Method = getAllActiveMeetingsForWhichUserIsToAttend ] [ Parameters: com.softserve.system.Session@fd7ab8; ]'),(326,'u12019837','2014-09-26 01:06:27',' [ Method = allApplicationsWithPendingReportsForUser ] [ Parameters: com.softserve.system.Session@c5263d; ]'),(327,'u12019837','2014-09-26 01:06:27',' [ Method = getRenewableApplicationsForFellow ] [ Parameters: com.softserve.system.Session@1574f35; com.softserve.DBEntities.Person[ systemID=u12019837 ]; ]'),(328,'u12019837','2014-09-26 01:06:27',' [ Method = loadAllPendingOnDemandAccounts ] [ Parameters: com.softserve.system.Session@142c2e7; ]'),(329,'u12019837','2014-09-26 01:06:53',' [ Method = getAllActiveMeetingsForWhichUserIsToAttend ] [ Parameters: com.softserve.system.Session@1d669a9; ]'),(330,'u12019837','2014-09-26 01:06:54',' [ Method = allApplicationsWithPendingReportsForUser ] [ Parameters: com.softserve.system.Session@1be8104; ]'),(331,'u12019837','2014-09-26 01:06:54',' [ Method = getRenewableApplicationsForFellow ] [ Parameters: com.softserve.system.Session@3455c7; com.softserve.DBEntities.Person[ systemID=u12019837 ]; ]'),(332,'u12019837','2014-09-26 01:06:54',' [ Method = loadAllPendingOnDemandAccounts ] [ Parameters: com.softserve.system.Session@1688736; ]'),(333,'u12019837','2014-09-26 01:07:11',' [ Method = getAllActiveMeetingsForWhichUserIsToAttend ] [ Parameters: com.softserve.system.Session@e8a0f6; ]'),(334,'u12019837','2014-09-26 01:07:12',' [ Method = allApplicationsWithPendingReportsForUser ] [ Parameters: com.softserve.system.Session@120f299; ]'),(335,'u12019837','2014-09-26 01:07:12',' [ Method = getRenewableApplicationsForFellow ] [ Parameters: com.softserve.system.Session@721967; com.softserve.DBEntities.Person[ systemID=u12019837 ]; ]'),(336,'u12019837','2014-09-26 01:07:12',' [ Method = loadAllPendingOnDemandAccounts ] [ Parameters: com.softserve.system.Session@5294f9; ]'),(337,'u12019837','2014-09-26 01:07:46',' [ Method = getAllActiveMeetingsForWhichUserIsToAttend ] [ Parameters: com.softserve.system.Session@695cbc; ]'),(338,'u12019837','2014-09-26 01:07:46',' [ Method = allApplicationsWithPendingReportsForUser ] [ Parameters: com.softserve.system.Session@13b439; ]'),(339,'u12019837','2014-09-26 01:07:47',' [ Method = getRenewableApplicationsForFellow ] [ Parameters: com.softserve.system.Session@9dc23c; com.softserve.DBEntities.Person[ systemID=u12019837 ]; ]'),(340,'u12019837','2014-09-26 01:07:47',' [ Method = loadAllPendingOnDemandAccounts ] [ Parameters: com.softserve.system.Session@114dfd4; ]'),(341,'u12019837','2014-09-26 01:07:49',' [ Method = getAllActiveMeetingsForWhichUserIsToAttend ] [ Parameters: com.softserve.system.Session@b1b1ae; ]'),(342,'u12019837','2014-09-26 01:07:50',' [ Method = allApplicationsWithPendingReportsForUser ] [ Parameters: com.softserve.system.Session@13ead6b; ]'),(343,'u12019837','2014-09-26 01:07:50',' [ Method = getRenewableApplicationsForFellow ] [ Parameters: com.softserve.system.Session@cd7752; com.softserve.DBEntities.Person[ systemID=u12019837 ]; ]'),(344,'u12019837','2014-09-26 01:07:50',' [ Method = loadAllPendingOnDemandAccounts ] [ Parameters: com.softserve.system.Session@5e551d; ]'),(345,'u12019837','2014-09-26 01:08:08',' [ Method = getAllActiveMeetingsForWhichUserIsToAttend ] [ Parameters: com.softserve.system.Session@161f2ce; ]'),(346,'u12019837','2014-09-26 01:08:08',' [ Method = allApplicationsWithPendingReportsForUser ] [ Parameters: com.softserve.system.Session@7996c5; ]'),(347,'u12019837','2014-09-26 01:08:08',' [ Method = getRenewableApplicationsForFellow ] [ Parameters: com.softserve.system.Session@18d526e; com.softserve.DBEntities.Person[ systemID=u12019837 ]; ]'),(348,'u12019837','2014-09-26 01:08:08',' [ Method = loadAllPendingOnDemandAccounts ] [ Parameters: com.softserve.system.Session@b3ef28; ]'),(349,'u12019837','2014-09-26 01:09:18',' [ Method = getAllActiveMeetingsForWhichUserIsToAttend ] [ Parameters: com.softserve.system.Session@12342b6; ]'),(350,'u12019837','2014-09-26 01:09:18',' [ Method = allApplicationsWithPendingReportsForUser ] [ Parameters: com.softserve.system.Session@1532f22; ]'),(351,'u12019837','2014-09-26 01:09:18',' [ Method = getRenewableApplicationsForFellow ] [ Parameters: com.softserve.system.Session@12cfcef; com.softserve.DBEntities.Person[ systemID=u12019837 ]; ]'),(352,'u12019837','2014-09-26 01:09:18',' [ Method = loadAllPendingOnDemandAccounts ] [ Parameters: com.softserve.system.Session@1f53501; ]'),(353,'u12019837','2014-09-26 01:09:24',' [ Method = getAllActiveMeetingsForWhichUserIsToAttend ] [ Parameters: com.softserve.system.Session@179e62; ]'),(354,'u12019837','2014-09-26 01:09:24',' [ Method = allApplicationsWithPendingReportsForUser ] [ Parameters: com.softserve.system.Session@7bbdbd; ]'),(355,'u12019837','2014-09-26 01:09:24',' [ Method = getRenewableApplicationsForFellow ] [ Parameters: com.softserve.system.Session@152645d; com.softserve.DBEntities.Person[ systemID=u12019837 ]; ]'),(356,'u12019837','2014-09-26 01:09:24',' [ Method = loadAllPendingOnDemandAccounts ] [ Parameters: com.softserve.system.Session@1af6761; ]'),(357,'u12019837','2014-09-26 01:47:30',' [ Method = login ] [ Parameters: com.softserve.system.Session@7d0b09; ]'),(358,'u12019837','2014-09-26 01:47:31',' [ Method = getAllActiveMeetingsForWhichUserIsToAttend ] [ Parameters: com.softserve.system.Session@1f1ab12; ]'),(359,'u12019837','2014-09-26 01:47:32',' [ Method = allApplicationsWithPendingReportsForUser ] [ Parameters: com.softserve.system.Session@701fb; ]'),(360,'u12019837','2014-09-26 01:47:32',' [ Method = getRenewableApplicationsForFellow ] [ Parameters: com.softserve.system.Session@dcb5a4; com.softserve.DBEntities.Person[ systemID=u12019837 ]; ]'),(361,'u12019837','2014-09-26 01:47:32',' [ Method = loadAllPendingOnDemandAccounts ] [ Parameters: com.softserve.system.Session@12579bb; ]'),(362,'u12019837','2014-09-26 01:47:35',' [ Method = getAllActiveMeetingsForWhichUserIsToAttend ] [ Parameters: com.softserve.system.Session@3e718d; ]'),(363,'u12019837','2014-09-26 01:47:35',' [ Method = allApplicationsWithPendingReportsForUser ] [ Parameters: com.softserve.system.Session@5555c7; ]'),(364,'u12019837','2014-09-26 01:47:35',' [ Method = getRenewableApplicationsForFellow ] [ Parameters: com.softserve.system.Session@154231f; com.softserve.DBEntities.Person[ systemID=u12019837 ]; ]'),(365,'u12019837','2014-09-26 01:47:35',' [ Method = loadAllPendingOnDemandAccounts ] [ Parameters: com.softserve.system.Session@1016efa; ]'),(366,'u12019837','2014-09-26 01:47:38',' [ Method = getAllApplications ] [ Parameters: com.softserve.system.Session@520d58; ]'),(367,'u12019837','2014-09-26 01:47:38',' [ Method = getAllActiveMeetingsForWhichUserIsToAttend ] [ Parameters: com.softserve.system.Session@f30cdc; ]'),(368,'u12019837','2014-09-26 01:47:38',' [ Method = allApplicationsWithPendingReportsForUser ] [ Parameters: com.softserve.system.Session@1db7858; ]'),(369,'u12019837','2014-09-26 01:47:38',' [ Method = getRenewableApplicationsForFellow ] [ Parameters: com.softserve.system.Session@16de211; com.softserve.DBEntities.Person[ systemID=u12019837 ]; ]'),(370,'u12019837','2014-09-26 01:47:38',' [ Method = loadAllPendingOnDemandAccounts ] [ Parameters: com.softserve.system.Session@1bad7a3; ]'),(371,'u12019837','2014-09-26 01:48:15',' [ Method = getAllActiveMeetingsForWhichUserIsToAttend ] [ Parameters: com.softserve.system.Session@14bd620; ]'),(372,'u12019837','2014-09-26 01:48:15',' [ Method = allApplicationsWithPendingReportsForUser ] [ Parameters: com.softserve.system.Session@7a1d2; ]'),(373,'u12019837','2014-09-26 01:48:15',' [ Method = getRenewableApplicationsForFellow ] [ Parameters: com.softserve.system.Session@14d458b; com.softserve.DBEntities.Person[ systemID=u12019837 ]; ]'),(374,'u12019837','2014-09-26 01:48:15',' [ Method = loadAllPendingOnDemandAccounts ] [ Parameters: com.softserve.system.Session@195d4d8; ]'),(375,'u12019837','2014-09-26 01:48:25',' [ Method = getAllActiveMeetingsForWhichUserIsToAttend ] [ Parameters: com.softserve.system.Session@b55589; ]'),(376,'u12019837','2014-09-26 01:48:26',' [ Method = allApplicationsWithPendingReportsForUser ] [ Parameters: com.softserve.system.Session@9c1b04; ]'),(377,'u12019837','2014-09-26 01:48:26',' [ Method = getRenewableApplicationsForFellow ] [ Parameters: com.softserve.system.Session@dbb9f; com.softserve.DBEntities.Person[ systemID=u12019837 ]; ]'),(378,'u12019837','2014-09-26 01:48:26',' [ Method = loadAllPendingOnDemandAccounts ] [ Parameters: com.softserve.system.Session@4f9252; ]'),(379,'u12019837','2014-09-26 01:48:32',' [ Method = getAllActiveMeetingsForWhichUserIsToAttend ] [ Parameters: com.softserve.system.Session@1bad153; ]'),(380,'u12019837','2014-09-26 01:48:32',' [ Method = allApplicationsWithPendingReportsForUser ] [ Parameters: com.softserve.system.Session@1e8f363; ]'),(381,'u12019837','2014-09-26 01:48:32',' [ Method = getRenewableApplicationsForFellow ] [ Parameters: com.softserve.system.Session@14270f7; com.softserve.DBEntities.Person[ systemID=u12019837 ]; ]'),(382,'u12019837','2014-09-26 01:48:32',' [ Method = loadAllPendingOnDemandAccounts ] [ Parameters: com.softserve.system.Session@12e14; ]'),(383,'u12019837','2014-09-26 01:48:32',' [ Method = viewAllUserAccounts ] [ Parameters: com.softserve.system.Session@8495a2; ]'),(384,'u12019837','2014-09-26 01:48:35',' [ Method = getAllActiveMeetingsForWhichUserIsToAttend ] [ Parameters: com.softserve.system.Session@8effec; ]'),(385,'u12019837','2014-09-26 01:48:35',' [ Method = allApplicationsWithPendingReportsForUser ] [ Parameters: com.softserve.system.Session@e3eeb3; ]'),(386,'u12019837','2014-09-26 01:48:35',' [ Method = getRenewableApplicationsForFellow ] [ Parameters: com.softserve.system.Session@16f9ff1; com.softserve.DBEntities.Person[ systemID=u12019837 ]; ]'),(387,'u12019837','2014-09-26 01:48:35',' [ Method = loadAllPendingOnDemandAccounts ] [ Parameters: com.softserve.system.Session@1890633; ]'),(388,'u12019837','2014-09-26 01:49:41',' [ Method = getAllActiveMeetingsForWhichUserIsToAttend ] [ Parameters: com.softserve.system.Session@cc5868; ]'),(389,'u12019837','2014-09-26 01:49:41',' [ Method = allApplicationsWithPendingReportsForUser ] [ Parameters: com.softserve.system.Session@16d7baa; ]'),(390,'u12019837','2014-09-26 01:49:41',' [ Method = getRenewableApplicationsForFellow ] [ Parameters: com.softserve.system.Session@ee6c33; com.softserve.DBEntities.Person[ systemID=u12019837 ]; ]'),(391,'u12019837','2014-09-26 01:49:41',' [ Method = loadAllPendingOnDemandAccounts ] [ Parameters: com.softserve.system.Session@6b3702; ]'),(392,'u12019837','2014-09-26 01:54:23',' [ Method = login ] [ Parameters: com.softserve.system.Session@3ae99a; ]'),(393,'u12019837','2014-09-26 01:54:24',' [ Method = getAllActiveMeetingsForWhichUserIsToAttend ] [ Parameters: com.softserve.system.Session@bf10ae; ]'),(394,'u12019837','2014-09-26 01:54:24',' [ Method = allApplicationsWithPendingReportsForUser ] [ Parameters: com.softserve.system.Session@1722138; ]'),(395,'u12019837','2014-09-26 01:54:24',' [ Method = getRenewableApplicationsForFellow ] [ Parameters: com.softserve.system.Session@51b629; com.softserve.DBEntities.Person[ systemID=u12019837 ]; ]'),(396,'u12019837','2014-09-26 01:54:24',' [ Method = loadAllPendingOnDemandAccounts ] [ Parameters: com.softserve.system.Session@7dc9d0; ]'),(397,'u12019837','2014-09-26 01:54:27',' [ Method = getAllActiveMeetingsForWhichUserIsToAttend ] [ Parameters: com.softserve.system.Session@d5b995; ]'),(398,'u12019837','2014-09-26 01:54:27',' [ Method = allApplicationsWithPendingReportsForUser ] [ Parameters: com.softserve.system.Session@ff5c0a; ]'),(399,'u12019837','2014-09-26 01:54:27',' [ Method = getRenewableApplicationsForFellow ] [ Parameters: com.softserve.system.Session@afe8c0; com.softserve.DBEntities.Person[ systemID=u12019837 ]; ]'),(400,'u12019837','2014-09-26 01:54:27',' [ Method = loadAllPendingOnDemandAccounts ] [ Parameters: com.softserve.system.Session@e1894f; ]'),(401,'u12019837','2014-09-26 01:54:29',' [ Method = getAllApplications ] [ Parameters: com.softserve.system.Session@5b39e7; ]'),(402,'u12019837','2014-09-26 01:54:29',' [ Method = getAllActiveMeetingsForWhichUserIsToAttend ] [ Parameters: com.softserve.system.Session@c238a4; ]'),(403,'u12019837','2014-09-26 01:54:29',' [ Method = allApplicationsWithPendingReportsForUser ] [ Parameters: com.softserve.system.Session@df1919; ]'),(404,'u12019837','2014-09-26 01:54:29',' [ Method = getRenewableApplicationsForFellow ] [ Parameters: com.softserve.system.Session@124b595; com.softserve.DBEntities.Person[ systemID=u12019837 ]; ]'),(405,'u12019837','2014-09-26 01:54:29',' [ Method = loadAllPendingOnDemandAccounts ] [ Parameters: com.softserve.system.Session@b9ddc8; ]'),(406,'u12019837','2014-09-26 01:54:46',' [ Method = logout ] [ Parameters: com.softserve.system.Session@1560a9b; ]'),(407,'f14000005','2014-09-26 01:57:30','Created new user account'),(408,'f14000005','2014-09-26 01:57:30',' [ Method = login ] [ Parameters: com.softserve.system.Session@6e13af; ]'),(409,'f14000005','2014-09-26 01:58:23',' [ Method = getOpenApplication ] [ Parameters: com.softserve.system.Session@18dd529; ]'),(410,'f14000005','2014-09-26 02:04:39',' [ Method = authenticateUserAsOwner ] [ Parameters: com.softserve.system.Session@1039402; com.softserve.DBEntities.Cv[ cvID=f14000005 ]; ]'),(411,'f14000005','2014-09-26 02:04:39','Created CV [ Method = createCV ] [ Parameters: com.softserve.system.Session@1039402; com.softserve.DBEntities.Cv[ cvID=f14000005 ]; ]'),(412,'f14000005','2014-09-26 02:04:39','Updated/Created CV [ Method = createProspectiveFellowCV ] [ Parameters: com.softserve.system.Session@1039402; com.softserve.DBEntities.Cv[ cvID=f14000005 ]; ]'),(413,'f14000005','2014-09-26 02:08:55','Created/Updated a new application [ Method = createNewApplication ] [ Parameters: com.softserve.system.Session@9d43c3; com.softserve.DBEntities.Application[ applicationID=5 ]; ]'),(414,'f14000005','2014-09-26 02:09:05','Linked grant holder to new application [ Method = linkGrantHolderToApplication ] [ Parameters: com.softserve.system.Session@566e97; com.softserve.DBEntities.Application[ applicationID=5 ]; com.softserve.DBEntities.Person[ systemID=u12019837 ]; ]'),(415,'f14000005','2014-09-26 02:09:15','Submitted a new application [ Method = submitApplication ] [ Parameters: com.softserve.system.Session@1dc0a29; com.softserve.DBEntities.Application[ applicationID=5 ]; ]'),(416,'f14000005','2014-09-26 02:09:40',' [ Method = logout ] [ Parameters: com.softserve.system.Session@1f3afa; ]'),(417,'f14000006','2014-09-26 02:10:44','Created new user account'),(418,'f14000006','2014-09-26 02:10:44',' [ Method = login ] [ Parameters: com.softserve.system.Session@1ea6574; ]'),(419,'f14000006','2014-09-26 02:10:51',' [ Method = getOpenApplication ] [ Parameters: com.softserve.system.Session@1eec8c7; ]'),(420,'f14000006','2014-09-26 02:13:07',' [ Method = authenticateUserAsOwner ] [ Parameters: com.softserve.system.Session@15e6280; com.softserve.DBEntities.Cv[ cvID=f14000006 ]; ]'),(421,'f14000006','2014-09-26 02:13:08','Created CV [ Method = createCV ] [ Parameters: com.softserve.system.Session@15e6280; com.softserve.DBEntities.Cv[ cvID=f14000006 ]; ]'),(422,'f14000006','2014-09-26 02:13:08','Updated/Created CV [ Method = createProspectiveFellowCV ] [ Parameters: com.softserve.system.Session@15e6280; com.softserve.DBEntities.Cv[ cvID=f14000006 ]; ]'),(423,'f14000006','2014-09-26 02:16:00',' [ Method = login ] [ Parameters: com.softserve.system.Session@3c3c46; ]'),(424,'f14000006','2014-09-26 02:16:12',' [ Method = getOpenApplication ] [ Parameters: com.softserve.system.Session@8fbf75; ]'),(425,'f14000006','2014-09-26 02:16:19',' [ Method = authenticateUserAsOwner ] [ Parameters: com.softserve.system.Session@14986ab; com.softserve.DBEntities.Cv[ cvID=f14000006 ]; ]'),(426,'f14000006','2014-09-26 02:16:19','Updated CV [ Method = updateCV ] [ Parameters: com.softserve.system.Session@14986ab; com.softserve.DBEntities.Cv[ cvID=f14000006 ]; ]'),(427,'f14000006','2014-09-26 02:16:19','Updated/Created CV [ Method = createProspectiveFellowCV ] [ Parameters: com.softserve.system.Session@14986ab; com.softserve.DBEntities.Cv[ cvID=f14000006 ]; ]'),(428,'f14000006','2014-09-26 02:18:45','Created/Updated a new application [ Method = createNewApplication ] [ Parameters: com.softserve.system.Session@b08038; com.softserve.DBEntities.Application[ applicationID=6 ]; ]'),(429,'f14000006','2014-09-26 02:18:55','Linked grant holder to new application [ Method = linkGrantHolderToApplication ] [ Parameters: com.softserve.system.Session@1103d40; com.softserve.DBEntities.Application[ applicationID=6 ]; com.softserve.DBEntities.Person[ systemID=u12019837 ]; ]'),(430,'f14000006','2014-09-26 02:18:59','Submitted a new application [ Method = submitApplication ] [ Parameters: com.softserve.system.Session@1d2929c; com.softserve.DBEntities.Application[ applicationID=6 ]; ]'),(431,'f14000006','2014-09-26 02:19:04',' [ Method = logout ] [ Parameters: com.softserve.system.Session@1606ba7; ]'),(432,'f14000007','2014-09-26 02:20:53','Created new user account'),(433,'f14000007','2014-09-26 02:20:53',' [ Method = login ] [ Parameters: com.softserve.system.Session@f111cd; ]'),(434,'f14000007','2014-09-26 02:21:15',' [ Method = getOpenApplication ] [ Parameters: com.softserve.system.Session@f3653c; ]'),(435,'f14000007','2014-09-26 02:24:53',' [ Method = authenticateUserAsOwner ] [ Parameters: com.softserve.system.Session@442995; com.softserve.DBEntities.Cv[ cvID=f14000007 ]; ]'),(436,'f14000007','2014-09-26 02:24:53','Created CV [ Method = createCV ] [ Parameters: com.softserve.system.Session@442995; com.softserve.DBEntities.Cv[ cvID=f14000007 ]; ]'),(437,'f14000007','2014-09-26 02:24:53','Updated/Created CV [ Method = createProspectiveFellowCV ] [ Parameters: com.softserve.system.Session@442995; com.softserve.DBEntities.Cv[ cvID=f14000007 ]; ]'),(438,'f14000007','2014-09-26 02:28:11','Created/Updated a new application [ Method = createNewApplication ] [ Parameters: com.softserve.system.Session@8130da; com.softserve.DBEntities.Application[ applicationID=7 ]; ]'),(439,'f14000007','2014-09-26 02:28:25','Linked grant holder to new application [ Method = linkGrantHolderToApplication ] [ Parameters: com.softserve.system.Session@1b2e48; com.softserve.DBEntities.Application[ applicationID=7 ]; com.softserve.DBEntities.Person[ systemID=u12019837 ]; ]'),(440,'f14000007','2014-09-26 02:28:29','Submitted a new application [ Method = submitApplication ] [ Parameters: com.softserve.system.Session@992db3; com.softserve.DBEntities.Application[ applicationID=7 ]; ]'),(441,'f14000007','2014-09-26 02:28:40',' [ Method = logout ] [ Parameters: com.softserve.system.Session@1f05f1f; ]'),(442,'f14000008','2014-09-26 02:31:00','Created new user account'),(443,'f14000008','2014-09-26 02:31:01',' [ Method = login ] [ Parameters: com.softserve.system.Session@7d8580; ]'),(444,'f14000008','2014-09-26 02:31:13',' [ Method = getOpenApplication ] [ Parameters: com.softserve.system.Session@3d0b6b; ]'),(445,'f14000008','2014-09-26 02:34:37',' [ Method = authenticateUserAsOwner ] [ Parameters: com.softserve.system.Session@d0b5c; com.softserve.DBEntities.Cv[ cvID=f14000008 ]; ]'),(446,'f14000008','2014-09-26 02:34:38','Created CV [ Method = createCV ] [ Parameters: com.softserve.system.Session@d0b5c; com.softserve.DBEntities.Cv[ cvID=f14000008 ]; ]'),(447,'f14000008','2014-09-26 02:34:38','Updated/Created CV [ Method = createProspectiveFellowCV ] [ Parameters: com.softserve.system.Session@d0b5c; com.softserve.DBEntities.Cv[ cvID=f14000008 ]; ]'),(448,'f14000008','2014-09-26 02:36:12','Created/Updated a new application [ Method = createNewApplication ] [ Parameters: com.softserve.system.Session@1d9d885; com.softserve.DBEntities.Application[ applicationID=8 ]; ]'),(449,'f14000008','2014-09-26 02:36:21','Linked grant holder to new application [ Method = linkGrantHolderToApplication ] [ Parameters: com.softserve.system.Session@1d494b2; com.softserve.DBEntities.Application[ applicationID=8 ]; com.softserve.DBEntities.Person[ systemID=u12019837 ]; ]'),(450,'f14000008','2014-09-26 02:36:25','Submitted a new application [ Method = submitApplication ] [ Parameters: com.softserve.system.Session@17ee922; com.softserve.DBEntities.Application[ applicationID=8 ]; ]'),(451,'f14000008','2014-09-26 02:37:01',' [ Method = logout ] [ Parameters: com.softserve.system.Session@2209eb; ]'),(452,'f14000009','2014-09-26 02:40:35','Created new user account'),(453,'f14000009','2014-09-26 02:40:35',' [ Method = login ] [ Parameters: com.softserve.system.Session@c9a6d1; ]'),(454,'f14000009','2014-09-26 02:40:46',' [ Method = getOpenApplication ] [ Parameters: com.softserve.system.Session@15003ab; ]'),(455,'f14000009','2014-09-26 02:42:04',' [ Method = authenticateUserAsOwner ] [ Parameters: com.softserve.system.Session@2d286f; com.softserve.DBEntities.Cv[ cvID=f14000009 ]; ]'),(456,'f14000009','2014-09-26 02:42:04','Created CV [ Method = createCV ] [ Parameters: com.softserve.system.Session@2d286f; com.softserve.DBEntities.Cv[ cvID=f14000009 ]; ]'),(457,'f14000009','2014-09-26 02:42:04','Updated/Created CV [ Method = createProspectiveFellowCV ] [ Parameters: com.softserve.system.Session@2d286f; com.softserve.DBEntities.Cv[ cvID=f14000009 ]; ]'),(458,'f14000009','2014-09-26 02:43:22','Created/Updated a new application [ Method = createNewApplication ] [ Parameters: com.softserve.system.Session@1579753; com.softserve.DBEntities.Application[ applicationID=9 ]; ]'),(459,'f14000009','2014-09-26 02:43:31','Linked grant holder to new application [ Method = linkGrantHolderToApplication ] [ Parameters: com.softserve.system.Session@12b0d0e; com.softserve.DBEntities.Application[ applicationID=9 ]; com.softserve.DBEntities.Person[ systemID=u12019837 ]; ]'),(460,'f14000009','2014-09-26 02:43:34','Submitted a new application [ Method = submitApplication ] [ Parameters: com.softserve.system.Session@8e36b1; com.softserve.DBEntities.Application[ applicationID=9 ]; ]'),(461,'u12019837','2014-09-26 06:11:38',' [ Method = login ] [ Parameters: com.softserve.system.Session@1aec93; ]'),(462,'u12019837','2014-09-26 06:11:38',' [ Method = getAllActiveMeetingsForWhichUserIsToAttend ] [ Parameters: com.softserve.system.Session@1869638; ]'),(463,'u12019837','2014-09-26 06:11:38',' [ Method = allApplicationsWithPendingReportsForUser ] [ Parameters: com.softserve.system.Session@1f5f2bc; ]'),(464,'u12019837','2014-09-26 06:11:39',' [ Method = getRenewableApplicationsForFellow ] [ Parameters: com.softserve.system.Session@625e4f; com.softserve.DBEntities.Person[ systemID=u12019837 ]; ]'),(465,'u12019837','2014-09-26 06:11:39',' [ Method = loadAllPendingOnDemandAccounts ] [ Parameters: com.softserve.system.Session@182b35d; ]'),(466,'u12019837','2014-09-26 06:11:42',' [ Method = getAllActiveMeetingsForWhichUserIsToAttend ] [ Parameters: com.softserve.system.Session@ba5efc; ]'),(467,'u12019837','2014-09-26 06:11:42',' [ Method = allApplicationsWithPendingReportsForUser ] [ Parameters: com.softserve.system.Session@193e18a; ]'),(468,'u12019837','2014-09-26 06:11:42',' [ Method = getRenewableApplicationsForFellow ] [ Parameters: com.softserve.system.Session@3b9928; com.softserve.DBEntities.Person[ systemID=u12019837 ]; ]'),(469,'u12019837','2014-09-26 06:11:42',' [ Method = loadAllPendingOnDemandAccounts ] [ Parameters: com.softserve.system.Session@9168cb; ]'),(470,'u12019837','2014-09-26 06:11:42',' [ Method = viewAllUserAccounts ] [ Parameters: com.softserve.system.Session@f0ab68; ]'),(471,'u12019837','2014-09-26 06:11:52',' [ Method = getAllActiveMeetingsForWhichUserIsToAttend ] [ Parameters: com.softserve.system.Session@6e625d; ]'),(472,'u12019837','2014-09-26 06:11:52',' [ Method = allApplicationsWithPendingReportsForUser ] [ Parameters: com.softserve.system.Session@17fbf8d; ]'),(473,'u12019837','2014-09-26 06:11:52',' [ Method = getRenewableApplicationsForFellow ] [ Parameters: com.softserve.system.Session@2e69fc; com.softserve.DBEntities.Person[ systemID=u12019837 ]; ]'),(474,'u12019837','2014-09-26 06:11:52',' [ Method = loadAllPendingOnDemandAccounts ] [ Parameters: com.softserve.system.Session@16f52d7; ]'),(475,'u12019837','2014-09-26 06:14:53',' [ Method = getAllActiveMeetingsForWhichUserIsToAttend ] [ Parameters: com.softserve.system.Session@18b2a4c; ]'),(476,'u12019837','2014-09-26 06:14:53',' [ Method = allApplicationsWithPendingReportsForUser ] [ Parameters: com.softserve.system.Session@a13a2f; ]'),(477,'u12019837','2014-09-26 06:14:53',' [ Method = getRenewableApplicationsForFellow ] [ Parameters: com.softserve.system.Session@b7c9ed; com.softserve.DBEntities.Person[ systemID=u12019837 ]; ]'),(478,'u12019837','2014-09-26 06:14:53',' [ Method = loadAllPendingOnDemandAccounts ] [ Parameters: com.softserve.system.Session@145fd90; ]'),(479,'u12019837','2014-09-26 10:49:28',' [ Method = login ] [ Parameters: com.softserve.system.Session@4bb4ca; ]'),(480,'u12019837','2014-09-26 10:49:29',' [ Method = getAllActiveMeetingsForWhichUserIsToAttend ] [ Parameters: com.softserve.system.Session@1e5aa55; ]'),(481,'u12019837','2014-09-26 10:49:29',' [ Method = allApplicationsWithPendingReportsForUser ] [ Parameters: com.softserve.system.Session@a22688; ]'),(482,'u12019837','2014-09-26 10:49:29',' [ Method = getRenewableApplicationsForFellow ] [ Parameters: com.softserve.system.Session@6992c7; com.softserve.DBEntities.Person[ systemID=u12019837 ]; ]'),(483,'u12019837','2014-09-26 10:49:29',' [ Method = loadAllPendingOnDemandAccounts ] [ Parameters: com.softserve.system.Session@16b4235; ]'),(484,'u12019837','2014-09-26 10:49:40',' [ Method = getAllActiveMeetingsForWhichUserIsToAttend ] [ Parameters: com.softserve.system.Session@1c79cf7; ]'),(485,'u12019837','2014-09-26 10:49:40',' [ Method = allApplicationsWithPendingReportsForUser ] [ Parameters: com.softserve.system.Session@9fd96b; ]'),(486,'u12019837','2014-09-26 10:49:40',' [ Method = getRenewableApplicationsForFellow ] [ Parameters: com.softserve.system.Session@125cbb7; com.softserve.DBEntities.Person[ systemID=u12019837 ]; ]'),(487,'u12019837','2014-09-26 10:49:40',' [ Method = loadAllPendingOnDemandAccounts ] [ Parameters: com.softserve.system.Session@45be58; ]'),(488,'u12019837','2014-09-26 10:49:46',' [ Method = loadPendingApplications ] [ Parameters: com.softserve.system.Session@1a04dc; 0; 2147483647; ]'),(489,'u12019837','2014-09-26 10:49:46',' [ Method = getAllActiveMeetingsForWhichUserIsToAttend ] [ Parameters: com.softserve.system.Session@17862c7; ]'),(490,'u12019837','2014-09-26 10:49:46',' [ Method = allApplicationsWithPendingReportsForUser ] [ Parameters: com.softserve.system.Session@5de803; ]'),(491,'u12019837','2014-09-26 10:49:46',' [ Method = getRenewableApplicationsForFellow ] [ Parameters: com.softserve.system.Session@17a2d05; com.softserve.DBEntities.Person[ systemID=u12019837 ]; ]'),(492,'u12019837','2014-09-26 10:49:47',' [ Method = loadAllPendingOnDemandAccounts ] [ Parameters: com.softserve.system.Session@5ebcbe; ]'),(493,'u12019837','2014-09-26 10:50:17',' [ Method = getAllActiveMeetingsForWhichUserIsToAttend ] [ Parameters: com.softserve.system.Session@12fcdea; ]'),(494,'u12019837','2014-09-26 10:50:17',' [ Method = allApplicationsWithPendingReportsForUser ] [ Parameters: com.softserve.system.Session@bdac86; ]'),(495,'u12019837','2014-09-26 10:50:17',' [ Method = getRenewableApplicationsForFellow ] [ Parameters: com.softserve.system.Session@2940ac; com.softserve.DBEntities.Person[ systemID=u12019837 ]; ]'),(496,'u12019837','2014-09-26 10:50:17',' [ Method = loadAllPendingOnDemandAccounts ] [ Parameters: com.softserve.system.Session@1a9e4cd; ]'),(497,'u12019837','2014-09-26 10:50:34',' [ Method = getAllActiveMeetingsForWhichUserIsToAttend ] [ Parameters: com.softserve.system.Session@1f3ee5; ]'),(498,'u12019837','2014-09-26 10:50:34',' [ Method = allApplicationsWithPendingReportsForUser ] [ Parameters: com.softserve.system.Session@ef6e70; ]'),(499,'u12019837','2014-09-26 10:50:34',' [ Method = getRenewableApplicationsForFellow ] [ Parameters: com.softserve.system.Session@125ec80; com.softserve.DBEntities.Person[ systemID=u12019837 ]; ]'),(500,'u12019837','2014-09-26 10:50:34',' [ Method = loadAllPendingOnDemandAccounts ] [ Parameters: com.softserve.system.Session@132162a; ]'),(501,'u12019837','2014-09-26 10:50:34',' [ Method = getDeansOfApplication ] [ Parameters: com.softserve.system.Session@77ed43; com.softserve.DBEntities.Application[ applicationID=4 ]; ]'),(502,'u12019837','2014-09-26 10:54:43',' [ Method = requestSpecificDeanToReview ] [ Parameters: com.softserve.system.Session@687431; com.softserve.DBEntities.Application[ applicationID=4 ]; com.softserve.DBEntities.Person[ systemID=u14000004 ]; ]'),(503,'u12019837','2014-09-26 10:54:43',' [ Method = recommendApplication ] [ Parameters: com.softserve.system.Session@1abbb31; com.softserve.DBEntities.Application[ applicationID=4 ]; com.softserve.DBEntities.RecommendationReport[ reportID=4 ]; ]'),(504,'u12019837','2014-09-26 10:54:43',' [ Method = loadPendingApplications ] [ Parameters: com.softserve.system.Session@ed1f0; 0; 2147483647; ]'),(505,'u12019837','2014-09-26 10:54:43',' [ Method = getAllActiveMeetingsForWhichUserIsToAttend ] [ Parameters: com.softserve.system.Session@1aeebd9; ]'),(506,'u12019837','2014-09-26 10:54:43',' [ Method = allApplicationsWithPendingReportsForUser ] [ Parameters: com.softserve.system.Session@1939a4; ]'),(507,'u12019837','2014-09-26 10:54:43',' [ Method = getRenewableApplicationsForFellow ] [ Parameters: com.softserve.system.Session@1dd293d; com.softserve.DBEntities.Person[ systemID=u12019837 ]; ]'),(508,'u12019837','2014-09-26 10:54:44',' [ Method = loadAllPendingOnDemandAccounts ] [ Parameters: com.softserve.system.Session@88574c; ]'),(509,'u12019837','2014-09-26 10:54:50',' [ Method = getAllActiveMeetingsForWhichUserIsToAttend ] [ Parameters: com.softserve.system.Session@af6a24; ]'),(510,'u12019837','2014-09-26 10:54:50',' [ Method = allApplicationsWithPendingReportsForUser ] [ Parameters: com.softserve.system.Session@1dafd27; ]'),(511,'u12019837','2014-09-26 10:54:51',' [ Method = getRenewableApplicationsForFellow ] [ Parameters: com.softserve.system.Session@724b6e; com.softserve.DBEntities.Person[ systemID=u12019837 ]; ]'),(512,'u12019837','2014-09-26 10:54:51',' [ Method = loadAllPendingOnDemandAccounts ] [ Parameters: com.softserve.system.Session@128cb25; ]'),(513,'u12019837','2014-09-26 10:54:56',' [ Method = getAllActiveMeetingsForWhichUserIsToAttend ] [ Parameters: com.softserve.system.Session@11e7575; ]'),(514,'u12019837','2014-09-26 10:54:56',' [ Method = allApplicationsWithPendingReportsForUser ] [ Parameters: com.softserve.system.Session@12bf884; ]'),(515,'u12019837','2014-09-26 10:54:56',' [ Method = getRenewableApplicationsForFellow ] [ Parameters: com.softserve.system.Session@7c313; com.softserve.DBEntities.Person[ systemID=u12019837 ]; ]'),(516,'u12019837','2014-09-26 10:54:56',' [ Method = loadAllPendingOnDemandAccounts ] [ Parameters: com.softserve.system.Session@18ac85c; ]'),(517,'u12019837','2014-09-26 10:55:01',' [ Method = loadPendingApplications ] [ Parameters: com.softserve.system.Session@9069d6; 0; 2147483647; ]'),(518,'u12019837','2014-09-26 10:55:01',' [ Method = getAllActiveMeetingsForWhichUserIsToAttend ] [ Parameters: com.softserve.system.Session@10c3071; ]'),(519,'u12019837','2014-09-26 10:55:01',' [ Method = allApplicationsWithPendingReportsForUser ] [ Parameters: com.softserve.system.Session@104b187; ]'),(520,'u12019837','2014-09-26 10:55:01',' [ Method = getRenewableApplicationsForFellow ] [ Parameters: com.softserve.system.Session@1983afe; com.softserve.DBEntities.Person[ systemID=u12019837 ]; ]'),(521,'u12019837','2014-09-26 10:55:01',' [ Method = loadAllPendingOnDemandAccounts ] [ Parameters: com.softserve.system.Session@18d804d; ]'),(522,'u12019837','2014-09-26 10:55:28',' [ Method = getAllActiveMeetingsForWhichUserIsToAttend ] [ Parameters: com.softserve.system.Session@3433d7; ]'),(523,'u12019837','2014-09-26 10:55:28',' [ Method = allApplicationsWithPendingReportsForUser ] [ Parameters: com.softserve.system.Session@16c87d9; ]'),(524,'u12019837','2014-09-26 10:55:28',' [ Method = getRenewableApplicationsForFellow ] [ Parameters: com.softserve.system.Session@f9e995; com.softserve.DBEntities.Person[ systemID=u12019837 ]; ]'),(525,'u12019837','2014-09-26 10:55:28',' [ Method = loadAllPendingOnDemandAccounts ] [ Parameters: com.softserve.system.Session@13ce8e1; ]'),(526,'u12019837','2014-09-26 10:55:28',' [ Method = getHODsOfApplication ] [ Parameters: com.softserve.system.Session@1972894; com.softserve.DBEntities.Application[ applicationID=5 ]; ]'),(527,'u12019837','2014-09-26 10:55:33',' [ Method = authenticateUserAsOwner ] [ Parameters: com.softserve.system.Session@48012e; com.softserve.DBEntities.Cv[ cvID=u12019837 ]; ]'),(528,'u12019837','2014-09-26 10:55:33','Updated CV [ Method = updateCV ] [ Parameters: com.softserve.system.Session@48012e; com.softserve.DBEntities.Cv[ cvID=u12019837 ]; ]'),(529,'u12019837','2014-09-26 10:55:33',' [ Method = createGrantHolderCV ] [ Parameters: com.softserve.system.Session@48012e; com.softserve.DBEntities.Cv[ cvID=u12019837 ]; ]'),(530,'u12019837','2014-09-26 10:55:35',' [ Method = saveChangesToApplication ] [ Parameters: com.softserve.system.Session@1c6c4c5; com.softserve.DBEntities.Application[ applicationID=5 ]; ]'),(531,'u12019837','2014-09-26 10:56:01',' [ Method = requestSpecificHODtoReview ] [ Parameters: com.softserve.system.Session@143bfe1; com.softserve.DBEntities.Application[ applicationID=5 ]; com.softserve.DBEntities.Person[ systemID=u12019837 ]; ]'),(532,'u12019837','2014-09-26 10:56:02',' [ Method = finaliseApplication ] [ Parameters: com.softserve.system.Session@143bfe1; com.softserve.DBEntities.Application[ applicationID=5 ]; ]'),(533,'u12019837','2014-09-26 10:56:02',' [ Method = loadPendingApplications ] [ Parameters: com.softserve.system.Session@1c9997e; 0; 2147483647; ]'),(534,'u12019837','2014-09-26 10:56:02',' [ Method = getAllActiveMeetingsForWhichUserIsToAttend ] [ Parameters: com.softserve.system.Session@18feb2; ]'),(535,'u12019837','2014-09-26 10:56:02',' [ Method = allApplicationsWithPendingReportsForUser ] [ Parameters: com.softserve.system.Session@16023a4; ]'),(536,'u12019837','2014-09-26 10:56:02',' [ Method = getRenewableApplicationsForFellow ] [ Parameters: com.softserve.system.Session@1c68a5b; com.softserve.DBEntities.Person[ systemID=u12019837 ]; ]'),(537,'u12019837','2014-09-26 10:56:02',' [ Method = loadAllPendingOnDemandAccounts ] [ Parameters: com.softserve.system.Session@e6ce32; ]'),(538,'u12019837','2014-09-26 10:56:11',' [ Method = getAllActiveMeetingsForWhichUserIsToAttend ] [ Parameters: com.softserve.system.Session@7b602a; ]'),(539,'u12019837','2014-09-26 10:56:11',' [ Method = allApplicationsWithPendingReportsForUser ] [ Parameters: com.softserve.system.Session@1e4e3e0; ]'),(540,'u12019837','2014-09-26 10:56:11',' [ Method = getRenewableApplicationsForFellow ] [ Parameters: com.softserve.system.Session@18d88ba; com.softserve.DBEntities.Person[ systemID=u12019837 ]; ]'),(541,'u12019837','2014-09-26 10:56:11',' [ Method = loadAllPendingOnDemandAccounts ] [ Parameters: com.softserve.system.Session@19ec41d; ]'),(542,'u12019837','2014-09-26 10:56:11',' [ Method = getHODsOfApplication ] [ Parameters: com.softserve.system.Session@5b3384; com.softserve.DBEntities.Application[ applicationID=6 ]; ]'),(543,'u12019837','2014-09-26 10:56:15',' [ Method = authenticateUserAsOwner ] [ Parameters: com.softserve.system.Session@130d0e9; com.softserve.DBEntities.Cv[ cvID=u12019837 ]; ]'),(544,'u12019837','2014-09-26 10:56:15','Updated CV [ Method = updateCV ] [ Parameters: com.softserve.system.Session@130d0e9; com.softserve.DBEntities.Cv[ cvID=u12019837 ]; ]'),(545,'u12019837','2014-09-26 10:56:15',' [ Method = createGrantHolderCV ] [ Parameters: com.softserve.system.Session@130d0e9; com.softserve.DBEntities.Cv[ cvID=u12019837 ]; ]'),(546,'u12019837','2014-09-26 10:56:19',' [ Method = saveChangesToApplication ] [ Parameters: com.softserve.system.Session@4ca063; com.softserve.DBEntities.Application[ applicationID=6 ]; ]'),(547,'u12019837','2014-09-26 10:56:24',' [ Method = requestSpecificHODtoReview ] [ Parameters: com.softserve.system.Session@5d6017; com.softserve.DBEntities.Application[ applicationID=6 ]; com.softserve.DBEntities.Person[ systemID=u12019837 ]; ]'),(548,'u12019837','2014-09-26 10:56:24',' [ Method = finaliseApplication ] [ Parameters: com.softserve.system.Session@5d6017; com.softserve.DBEntities.Application[ applicationID=6 ]; ]'),(549,'u12019837','2014-09-26 10:56:24',' [ Method = loadPendingApplications ] [ Parameters: com.softserve.system.Session@1db7d84; 0; 2147483647; ]'),(550,'u12019837','2014-09-26 10:56:24',' [ Method = getAllActiveMeetingsForWhichUserIsToAttend ] [ Parameters: com.softserve.system.Session@884407; ]'),(551,'u12019837','2014-09-26 10:56:24',' [ Method = allApplicationsWithPendingReportsForUser ] [ Parameters: com.softserve.system.Session@1e16022; ]'),(552,'u12019837','2014-09-26 10:56:25',' [ Method = getRenewableApplicationsForFellow ] [ Parameters: com.softserve.system.Session@18ce5bc; com.softserve.DBEntities.Person[ systemID=u12019837 ]; ]'),(553,'u12019837','2014-09-26 10:56:25',' [ Method = loadAllPendingOnDemandAccounts ] [ Parameters: com.softserve.system.Session@e2ed0d; ]'),(554,'u12019837','2014-09-26 10:56:30',' [ Method = getAllActiveMeetingsForWhichUserIsToAttend ] [ Parameters: com.softserve.system.Session@1d0fbf9; ]'),(555,'u12019837','2014-09-26 10:56:30',' [ Method = allApplicationsWithPendingReportsForUser ] [ Parameters: com.softserve.system.Session@64e49c; ]'),(556,'u12019837','2014-09-26 10:56:30',' [ Method = getRenewableApplicationsForFellow ] [ Parameters: com.softserve.system.Session@134f4a4; com.softserve.DBEntities.Person[ systemID=u12019837 ]; ]'),(557,'u12019837','2014-09-26 10:56:30',' [ Method = loadAllPendingOnDemandAccounts ] [ Parameters: com.softserve.system.Session@8e0596; ]'),(558,'u12019837','2014-09-26 10:56:30',' [ Method = getHODsOfApplication ] [ Parameters: com.softserve.system.Session@9615ad; com.softserve.DBEntities.Application[ applicationID=7 ]; ]'),(559,'u12019837','2014-09-26 10:56:34',' [ Method = authenticateUserAsOwner ] [ Parameters: com.softserve.system.Session@1e728e0; com.softserve.DBEntities.Cv[ cvID=u12019837 ]; ]'),(560,'u12019837','2014-09-26 10:56:34','Updated CV [ Method = updateCV ] [ Parameters: com.softserve.system.Session@1e728e0; com.softserve.DBEntities.Cv[ cvID=u12019837 ]; ]'),(561,'u12019837','2014-09-26 10:56:34',' [ Method = createGrantHolderCV ] [ Parameters: com.softserve.system.Session@1e728e0; com.softserve.DBEntities.Cv[ cvID=u12019837 ]; ]'),(562,'u12019837','2014-09-26 10:56:36',' [ Method = saveChangesToApplication ] [ Parameters: com.softserve.system.Session@2e0db1; com.softserve.DBEntities.Application[ applicationID=7 ]; ]'),(563,'u12019837','2014-09-26 10:56:41',' [ Method = requestSpecificHODtoReview ] [ Parameters: com.softserve.system.Session@c46b93; com.softserve.DBEntities.Application[ applicationID=7 ]; com.softserve.DBEntities.Person[ systemID=u12019837 ]; ]'),(564,'u12019837','2014-09-26 10:56:41',' [ Method = finaliseApplication ] [ Parameters: com.softserve.system.Session@c46b93; com.softserve.DBEntities.Application[ applicationID=7 ]; ]'),(565,'u12019837','2014-09-26 10:56:42',' [ Method = loadPendingApplications ] [ Parameters: com.softserve.system.Session@1438a8f; 0; 2147483647; ]'),(566,'u12019837','2014-09-26 10:56:42',' [ Method = getAllActiveMeetingsForWhichUserIsToAttend ] [ Parameters: com.softserve.system.Session@196e322; ]'),(567,'u12019837','2014-09-26 10:56:42',' [ Method = allApplicationsWithPendingReportsForUser ] [ Parameters: com.softserve.system.Session@6bd6b7; ]'),(568,'u12019837','2014-09-26 10:56:42',' [ Method = getRenewableApplicationsForFellow ] [ Parameters: com.softserve.system.Session@c533c6; com.softserve.DBEntities.Person[ systemID=u12019837 ]; ]'),(569,'u12019837','2014-09-26 10:56:42',' [ Method = loadAllPendingOnDemandAccounts ] [ Parameters: com.softserve.system.Session@9bf0a; ]'),(570,'u12019837','2014-09-26 10:56:47',' [ Method = getAllActiveMeetingsForWhichUserIsToAttend ] [ Parameters: com.softserve.system.Session@1e977cb; ]'),(571,'u12019837','2014-09-26 10:56:47',' [ Method = allApplicationsWithPendingReportsForUser ] [ Parameters: com.softserve.system.Session@1f8462a; ]'),(572,'u12019837','2014-09-26 10:56:48',' [ Method = getRenewableApplicationsForFellow ] [ Parameters: com.softserve.system.Session@654ed; com.softserve.DBEntities.Person[ systemID=u12019837 ]; ]'),(573,'u12019837','2014-09-26 10:56:48',' [ Method = loadAllPendingOnDemandAccounts ] [ Parameters: com.softserve.system.Session@170552e; ]'),(574,'u12019837','2014-09-26 10:56:48',' [ Method = getHODsOfApplication ] [ Parameters: com.softserve.system.Session@3ffec0; com.softserve.DBEntities.Application[ applicationID=8 ]; ]'),(575,'u12019837','2014-09-26 10:56:52',' [ Method = authenticateUserAsOwner ] [ Parameters: com.softserve.system.Session@1a7edd5; com.softserve.DBEntities.Cv[ cvID=u12019837 ]; ]'),(576,'u12019837','2014-09-26 10:56:52','Updated CV [ Method = updateCV ] [ Parameters: com.softserve.system.Session@1a7edd5; com.softserve.DBEntities.Cv[ cvID=u12019837 ]; ]'),(577,'u12019837','2014-09-26 10:56:52',' [ Method = createGrantHolderCV ] [ Parameters: com.softserve.system.Session@1a7edd5; com.softserve.DBEntities.Cv[ cvID=u12019837 ]; ]'),(578,'u12019837','2014-09-26 10:56:54',' [ Method = saveChangesToApplication ] [ Parameters: com.softserve.system.Session@e5ab2a; com.softserve.DBEntities.Application[ applicationID=8 ]; ]'),(579,'u12019837','2014-09-26 10:56:59',' [ Method = requestSpecificHODtoReview ] [ Parameters: com.softserve.system.Session@1139ab3; com.softserve.DBEntities.Application[ applicationID=8 ]; com.softserve.DBEntities.Person[ systemID=u12019837 ]; ]'),(580,'u12019837','2014-09-26 10:56:59',' [ Method = finaliseApplication ] [ Parameters: com.softserve.system.Session@1139ab3; com.softserve.DBEntities.Application[ applicationID=8 ]; ]'),(581,'u12019837','2014-09-26 10:57:00',' [ Method = loadPendingApplications ] [ Parameters: com.softserve.system.Session@3fc38e; 0; 2147483647; ]'),(582,'u12019837','2014-09-26 10:57:00',' [ Method = getAllActiveMeetingsForWhichUserIsToAttend ] [ Parameters: com.softserve.system.Session@17ede3e; ]'),(583,'u12019837','2014-09-26 10:57:00',' [ Method = allApplicationsWithPendingReportsForUser ] [ Parameters: com.softserve.system.Session@4c5482; ]'),(584,'u12019837','2014-09-26 10:57:00',' [ Method = getRenewableApplicationsForFellow ] [ Parameters: com.softserve.system.Session@488967; com.softserve.DBEntities.Person[ systemID=u12019837 ]; ]'),(585,'u12019837','2014-09-26 10:57:00',' [ Method = loadAllPendingOnDemandAccounts ] [ Parameters: com.softserve.system.Session@1673337; ]'),(586,'u12019837','2014-09-26 10:57:05',' [ Method = getAllActiveMeetingsForWhichUserIsToAttend ] [ Parameters: com.softserve.system.Session@52b4ff; ]'),(587,'u12019837','2014-09-26 10:57:05',' [ Method = allApplicationsWithPendingReportsForUser ] [ Parameters: com.softserve.system.Session@1ee1957; ]'),(588,'u12019837','2014-09-26 10:57:05',' [ Method = getRenewableApplicationsForFellow ] [ Parameters: com.softserve.system.Session@b5aaca; com.softserve.DBEntities.Person[ systemID=u12019837 ]; ]'),(589,'u12019837','2014-09-26 10:57:05',' [ Method = loadAllPendingOnDemandAccounts ] [ Parameters: com.softserve.system.Session@15c749; ]'),(590,'u12019837','2014-09-26 10:57:17',' [ Method = declineAppliction ] [ Parameters: com.softserve.system.Session@67c6a5; com.softserve.DBEntities.Application[ applicationID=9 ]; Testing feature; ]'),(591,'u12019837','2014-09-26 10:57:17',' [ Method = loadPendingApplications ] [ Parameters: com.softserve.system.Session@1a381f2; 0; 2147483647; ]'),(592,'u12019837','2014-09-26 10:57:17',' [ Method = getAllActiveMeetingsForWhichUserIsToAttend ] [ Parameters: com.softserve.system.Session@ac94ad; ]'),(593,'u12019837','2014-09-26 10:57:17',' [ Method = allApplicationsWithPendingReportsForUser ] [ Parameters: com.softserve.system.Session@2ad499; ]'),(594,'u12019837','2014-09-26 10:57:17',' [ Method = getRenewableApplicationsForFellow ] [ Parameters: com.softserve.system.Session@1e542b6; com.softserve.DBEntities.Person[ systemID=u12019837 ]; ]'),(595,'u12019837','2014-09-26 10:57:17',' [ Method = loadAllPendingOnDemandAccounts ] [ Parameters: com.softserve.system.Session@24f632; ]'),(596,'u12019837','2014-09-26 10:57:25',' [ Method = getAllActiveMeetingsForWhichUserIsToAttend ] [ Parameters: com.softserve.system.Session@1072a54; ]'),(597,'u12019837','2014-09-26 10:57:25',' [ Method = allApplicationsWithPendingReportsForUser ] [ Parameters: com.softserve.system.Session@7abc59; ]'),(598,'u12019837','2014-09-26 10:57:25',' [ Method = getRenewableApplicationsForFellow ] [ Parameters: com.softserve.system.Session@1685b47; com.softserve.DBEntities.Person[ systemID=u12019837 ]; ]'),(599,'u12019837','2014-09-26 10:57:25',' [ Method = loadAllPendingOnDemandAccounts ] [ Parameters: com.softserve.system.Session@1b233ba; ]'),(600,'u12019837','2014-09-26 10:57:38',' [ Method = loadPendingApplications ] [ Parameters: com.softserve.system.Session@57ff0c; 0; 2147483647; ]'),(601,'u12019837','2014-09-26 10:57:38',' [ Method = getAllActiveMeetingsForWhichUserIsToAttend ] [ Parameters: com.softserve.system.Session@ef715d; ]'),(602,'u12019837','2014-09-26 10:57:38',' [ Method = allApplicationsWithPendingReportsForUser ] [ Parameters: com.softserve.system.Session@1d5c109; ]'),(603,'u12019837','2014-09-26 10:57:38',' [ Method = getRenewableApplicationsForFellow ] [ Parameters: com.softserve.system.Session@ccb98a; com.softserve.DBEntities.Person[ systemID=u12019837 ]; ]'),(604,'u12019837','2014-09-26 10:57:38',' [ Method = loadAllPendingOnDemandAccounts ] [ Parameters: com.softserve.system.Session@4b48c0; ]'),(605,'u12019837','2014-09-26 10:57:47',' [ Method = getAllActiveMeetingsForWhichUserIsToAttend ] [ Parameters: com.softserve.system.Session@37cc88; ]'),(606,'u12019837','2014-09-26 10:57:47',' [ Method = allApplicationsWithPendingReportsForUser ] [ Parameters: com.softserve.system.Session@cefa2a; ]'),(607,'u12019837','2014-09-26 10:57:47',' [ Method = getRenewableApplicationsForFellow ] [ Parameters: com.softserve.system.Session@1d679f7; com.softserve.DBEntities.Person[ systemID=u12019837 ]; ]'),(608,'u12019837','2014-09-26 10:57:47',' [ Method = loadAllPendingOnDemandAccounts ] [ Parameters: com.softserve.system.Session@110f582; ]'),(609,'u12019837','2014-09-26 10:57:54',' [ Method = getAllActiveMeetingsForWhichUserIsToAttend ] [ Parameters: com.softserve.system.Session@14dab3b; ]'),(610,'u12019837','2014-09-26 10:57:54',' [ Method = allApplicationsWithPendingReportsForUser ] [ Parameters: com.softserve.system.Session@1497d9b; ]'),(611,'u12019837','2014-09-26 10:57:54',' [ Method = getRenewableApplicationsForFellow ] [ Parameters: com.softserve.system.Session@1df277b; com.softserve.DBEntities.Person[ systemID=u12019837 ]; ]'),(612,'u12019837','2014-09-26 10:57:54',' [ Method = loadAllPendingOnDemandAccounts ] [ Parameters: com.softserve.system.Session@1dd5ead; ]'),(613,'u12019837','2014-09-26 10:57:54',' [ Method = getDeansOfApplication ] [ Parameters: com.softserve.system.Session@18b8f9d; com.softserve.DBEntities.Application[ applicationID=5 ]; ]'),(614,'u12019837','2014-09-26 10:58:30',' [ Method = requestSpecificDeanToReview ] [ Parameters: com.softserve.system.Session@12e2f9a; com.softserve.DBEntities.Application[ applicationID=5 ]; com.softserve.DBEntities.Person[ systemID=u14000004 ]; ]'),(615,'u12019837','2014-09-26 10:58:30',' [ Method = recommendApplication ] [ Parameters: com.softserve.system.Session@8a22b7; com.softserve.DBEntities.Application[ applicationID=5 ]; com.softserve.DBEntities.RecommendationReport[ reportID=5 ]; ]'),(616,'u12019837','2014-09-26 10:58:30',' [ Method = loadPendingApplications ] [ Parameters: com.softserve.system.Session@c94e4e; 0; 2147483647; ]'),(617,'u12019837','2014-09-26 10:58:30',' [ Method = getAllActiveMeetingsForWhichUserIsToAttend ] [ Parameters: com.softserve.system.Session@1b2aa5d; ]'),(618,'u12019837','2014-09-26 10:58:30',' [ Method = allApplicationsWithPendingReportsForUser ] [ Parameters: com.softserve.system.Session@158e78; ]'),(619,'u12019837','2014-09-26 10:58:30',' [ Method = getRenewableApplicationsForFellow ] [ Parameters: com.softserve.system.Session@165042e; com.softserve.DBEntities.Person[ systemID=u12019837 ]; ]'),(620,'u12019837','2014-09-26 10:58:30',' [ Method = loadAllPendingOnDemandAccounts ] [ Parameters: com.softserve.system.Session@132919f; ]'),(621,'u12019837','2014-09-26 10:58:38',' [ Method = getAllActiveMeetingsForWhichUserIsToAttend ] [ Parameters: com.softserve.system.Session@1afec0c; ]'),(622,'u12019837','2014-09-26 10:58:38',' [ Method = allApplicationsWithPendingReportsForUser ] [ Parameters: com.softserve.system.Session@10d792e; ]'),(623,'u12019837','2014-09-26 10:58:38',' [ Method = getRenewableApplicationsForFellow ] [ Parameters: com.softserve.system.Session@17be7cd; com.softserve.DBEntities.Person[ systemID=u12019837 ]; ]'),(624,'u12019837','2014-09-26 10:58:39',' [ Method = loadAllPendingOnDemandAccounts ] [ Parameters: com.softserve.system.Session@1ee559d; ]'),(625,'u12019837','2014-09-26 10:58:54',' [ Method = getAllActiveMeetingsForWhichUserIsToAttend ] [ Parameters: com.softserve.system.Session@c180b9; ]'),(626,'u12019837','2014-09-26 10:58:54',' [ Method = allApplicationsWithPendingReportsForUser ] [ Parameters: com.softserve.system.Session@1d29409; ]'),(627,'u12019837','2014-09-26 10:58:54',' [ Method = getRenewableApplicationsForFellow ] [ Parameters: com.softserve.system.Session@da779b; com.softserve.DBEntities.Person[ systemID=u12019837 ]; ]'),(628,'u12019837','2014-09-26 10:58:54',' [ Method = loadAllPendingOnDemandAccounts ] [ Parameters: com.softserve.system.Session@6cdf69; ]'),(629,'u12019837','2014-09-26 10:58:54',' [ Method = getDeansOfApplication ] [ Parameters: com.softserve.system.Session@9aabc6; com.softserve.DBEntities.Application[ applicationID=6 ]; ]'),(630,'u12019837','2014-09-26 10:59:21',' [ Method = requestSpecificDeanToReview ] [ Parameters: com.softserve.system.Session@1316fc7; com.softserve.DBEntities.Application[ applicationID=6 ]; com.softserve.DBEntities.Person[ systemID=u14000004 ]; ]'),(631,'u12019837','2014-09-26 10:59:21',' [ Method = recommendApplication ] [ Parameters: com.softserve.system.Session@ed292c; com.softserve.DBEntities.Application[ applicationID=6 ]; com.softserve.DBEntities.RecommendationReport[ reportID=6 ]; ]'),(632,'u12019837','2014-09-26 10:59:21',' [ Method = loadPendingApplications ] [ Parameters: com.softserve.system.Session@161c0a3; 0; 2147483647; ]'),(633,'u12019837','2014-09-26 10:59:21',' [ Method = getAllActiveMeetingsForWhichUserIsToAttend ] [ Parameters: com.softserve.system.Session@11acb15; ]'),(634,'u12019837','2014-09-26 10:59:21',' [ Method = allApplicationsWithPendingReportsForUser ] [ Parameters: com.softserve.system.Session@17e1635; ]'),(635,'u12019837','2014-09-26 10:59:21',' [ Method = getRenewableApplicationsForFellow ] [ Parameters: com.softserve.system.Session@b4842b; com.softserve.DBEntities.Person[ systemID=u12019837 ]; ]'),(636,'u12019837','2014-09-26 10:59:22',' [ Method = loadAllPendingOnDemandAccounts ] [ Parameters: com.softserve.system.Session@c729f6; ]'),(637,'u12019837','2014-09-26 10:59:29',' [ Method = getAllActiveMeetingsForWhichUserIsToAttend ] [ Parameters: com.softserve.system.Session@1fee8df; ]'),(638,'u12019837','2014-09-26 10:59:29',' [ Method = allApplicationsWithPendingReportsForUser ] [ Parameters: com.softserve.system.Session@9f90d; ]'),(639,'u12019837','2014-09-26 10:59:29',' [ Method = getRenewableApplicationsForFellow ] [ Parameters: com.softserve.system.Session@ff877e; com.softserve.DBEntities.Person[ systemID=u12019837 ]; ]'),(640,'u12019837','2014-09-26 10:59:29',' [ Method = loadAllPendingOnDemandAccounts ] [ Parameters: com.softserve.system.Session@18bc292; ]'),(641,'u12019837','2014-09-26 10:59:41',' [ Method = getAllActiveMeetingsForWhichUserIsToAttend ] [ Parameters: com.softserve.system.Session@466673; ]'),(642,'u12019837','2014-09-26 10:59:41',' [ Method = allApplicationsWithPendingReportsForUser ] [ Parameters: com.softserve.system.Session@11b49d1; ]'),(643,'u12019837','2014-09-26 10:59:41',' [ Method = getRenewableApplicationsForFellow ] [ Parameters: com.softserve.system.Session@1b9d225; com.softserve.DBEntities.Person[ systemID=u12019837 ]; ]'),(644,'u12019837','2014-09-26 10:59:41',' [ Method = loadAllPendingOnDemandAccounts ] [ Parameters: com.softserve.system.Session@1eab61; ]'),(645,'u12019837','2014-09-26 10:59:41',' [ Method = getDeansOfApplication ] [ Parameters: com.softserve.system.Session@d2d637; com.softserve.DBEntities.Application[ applicationID=7 ]; ]'),(646,'u12019837','2014-09-26 11:00:18',' [ Method = requestSpecificDeanToReview ] [ Parameters: com.softserve.system.Session@1c2295e; com.softserve.DBEntities.Application[ applicationID=7 ]; com.softserve.DBEntities.Person[ systemID=u14000004 ]; ]'),(647,'u12019837','2014-09-26 11:00:18',' [ Method = recommendApplication ] [ Parameters: com.softserve.system.Session@1c2c563; com.softserve.DBEntities.Application[ applicationID=7 ]; com.softserve.DBEntities.RecommendationReport[ reportID=7 ]; ]'),(648,'u12019837','2014-09-26 11:00:19',' [ Method = loadPendingApplications ] [ Parameters: com.softserve.system.Session@147cd4b; 0; 2147483647; ]'),(649,'u12019837','2014-09-26 11:00:19',' [ Method = getAllActiveMeetingsForWhichUserIsToAttend ] [ Parameters: com.softserve.system.Session@13b745a; ]'),(650,'u12019837','2014-09-26 11:00:19',' [ Method = allApplicationsWithPendingReportsForUser ] [ Parameters: com.softserve.system.Session@116be60; ]'),(651,'u12019837','2014-09-26 11:00:19',' [ Method = getRenewableApplicationsForFellow ] [ Parameters: com.softserve.system.Session@a2fb2; com.softserve.DBEntities.Person[ systemID=u12019837 ]; ]'),(652,'u12019837','2014-09-26 11:00:19',' [ Method = loadAllPendingOnDemandAccounts ] [ Parameters: com.softserve.system.Session@1415018; ]'),(653,'u12019837','2014-09-26 11:00:25',' [ Method = getAllActiveMeetingsForWhichUserIsToAttend ] [ Parameters: com.softserve.system.Session@ea124; ]'),(654,'u12019837','2014-09-26 11:00:25',' [ Method = allApplicationsWithPendingReportsForUser ] [ Parameters: com.softserve.system.Session@1b94fa7; ]'),(655,'u12019837','2014-09-26 11:00:25',' [ Method = getRenewableApplicationsForFellow ] [ Parameters: com.softserve.system.Session@b39535; com.softserve.DBEntities.Person[ systemID=u12019837 ]; ]'),(656,'u12019837','2014-09-26 11:00:25',' [ Method = loadAllPendingOnDemandAccounts ] [ Parameters: com.softserve.system.Session@9db968; ]'),(657,'u12019837','2014-09-26 11:00:36',' [ Method = getAllActiveMeetingsForWhichUserIsToAttend ] [ Parameters: com.softserve.system.Session@7b7c82; ]'),(658,'u12019837','2014-09-26 11:00:36',' [ Method = allApplicationsWithPendingReportsForUser ] [ Parameters: com.softserve.system.Session@e073b2; ]'),(659,'u12019837','2014-09-26 11:00:36',' [ Method = getRenewableApplicationsForFellow ] [ Parameters: com.softserve.system.Session@dea7e3; com.softserve.DBEntities.Person[ systemID=u12019837 ]; ]'),(660,'u12019837','2014-09-26 11:00:36',' [ Method = loadAllPendingOnDemandAccounts ] [ Parameters: com.softserve.system.Session@1abd777; ]'),(661,'u12019837','2014-09-26 11:00:36',' [ Method = getDeansOfApplication ] [ Parameters: com.softserve.system.Session@1188f46; com.softserve.DBEntities.Application[ applicationID=8 ]; ]'),(662,'u12019837','2014-09-26 11:01:01',' [ Method = requestSpecificDeanToReview ] [ Parameters: com.softserve.system.Session@c48512; com.softserve.DBEntities.Application[ applicationID=8 ]; com.softserve.DBEntities.Person[ systemID=u14000004 ]; ]'),(663,'u12019837','2014-09-26 11:01:02',' [ Method = recommendApplication ] [ Parameters: com.softserve.system.Session@187f378; com.softserve.DBEntities.Application[ applicationID=8 ]; com.softserve.DBEntities.RecommendationReport[ reportID=8 ]; ]'),(664,'u12019837','2014-09-26 11:01:02',' [ Method = loadPendingApplications ] [ Parameters: com.softserve.system.Session@149a8cb; 0; 2147483647; ]'),(665,'u12019837','2014-09-26 11:01:02',' [ Method = getAllActiveMeetingsForWhichUserIsToAttend ] [ Parameters: com.softserve.system.Session@ede894; ]'),(666,'u12019837','2014-09-26 11:01:02',' [ Method = allApplicationsWithPendingReportsForUser ] [ Parameters: com.softserve.system.Session@120eddc; ]'),(667,'u12019837','2014-09-26 11:01:02',' [ Method = getRenewableApplicationsForFellow ] [ Parameters: com.softserve.system.Session@1b232f0; com.softserve.DBEntities.Person[ systemID=u12019837 ]; ]'),(668,'u12019837','2014-09-26 11:01:03',' [ Method = loadAllPendingOnDemandAccounts ] [ Parameters: com.softserve.system.Session@b050cb; ]'),(669,'u12019837','2014-09-26 11:01:06',' [ Method = getAllActiveMeetingsForWhichUserIsToAttend ] [ Parameters: com.softserve.system.Session@73ff3f; ]'),(670,'u12019837','2014-09-26 11:01:06',' [ Method = allApplicationsWithPendingReportsForUser ] [ Parameters: com.softserve.system.Session@2c663; ]'),(671,'u12019837','2014-09-26 11:01:06',' [ Method = getRenewableApplicationsForFellow ] [ Parameters: com.softserve.system.Session@911367; com.softserve.DBEntities.Person[ systemID=u12019837 ]; ]'),(672,'u12019837','2014-09-26 11:01:06',' [ Method = loadAllPendingOnDemandAccounts ] [ Parameters: com.softserve.system.Session@c26c9c; ]'),(673,'u12019837','2014-09-26 11:01:12',' [ Method = loadPendingApplications ] [ Parameters: com.softserve.system.Session@161652c; 0; 2147483647; ]'),(674,'u12019837','2014-09-26 11:01:12',' [ Method = getAllActiveMeetingsForWhichUserIsToAttend ] [ Parameters: com.softserve.system.Session@ecd52f; ]'),(675,'u12019837','2014-09-26 11:01:12',' [ Method = allApplicationsWithPendingReportsForUser ] [ Parameters: com.softserve.system.Session@1770d60; ]'),(676,'u12019837','2014-09-26 11:01:12',' [ Method = getRenewableApplicationsForFellow ] [ Parameters: com.softserve.system.Session@11fa636; com.softserve.DBEntities.Person[ systemID=u12019837 ]; ]'),(677,'u12019837','2014-09-26 11:01:12',' [ Method = loadAllPendingOnDemandAccounts ] [ Parameters: com.softserve.system.Session@ac9c43; ]'),(678,'u12019837','2014-09-26 11:01:16',' [ Method = getAllActiveMeetingsForWhichUserIsToAttend ] [ Parameters: com.softserve.system.Session@1116707; ]'),(679,'u12019837','2014-09-26 11:01:16',' [ Method = allApplicationsWithPendingReportsForUser ] [ Parameters: com.softserve.system.Session@1b7674d; ]'),(680,'u12019837','2014-09-26 11:01:16',' [ Method = getRenewableApplicationsForFellow ] [ Parameters: com.softserve.system.Session@21f276; com.softserve.DBEntities.Person[ systemID=u12019837 ]; ]'),(681,'u12019837','2014-09-26 11:01:16',' [ Method = loadAllPendingOnDemandAccounts ] [ Parameters: com.softserve.system.Session@c4cfa0; ]'),(682,'u12019837','2014-09-26 11:01:20',' [ Method = loadPendingApplications ] [ Parameters: com.softserve.system.Session@162a807; 0; 2147483647; ]'),(683,'u12019837','2014-09-26 11:01:20',' [ Method = getAllActiveMeetingsForWhichUserIsToAttend ] [ Parameters: com.softserve.system.Session@1c75426; ]'),(684,'u12019837','2014-09-26 11:01:20',' [ Method = allApplicationsWithPendingReportsForUser ] [ Parameters: com.softserve.system.Session@178dcfe; ]'),(685,'u12019837','2014-09-26 11:01:20',' [ Method = getRenewableApplicationsForFellow ] [ Parameters: com.softserve.system.Session@80ef1e; com.softserve.DBEntities.Person[ systemID=u12019837 ]; ]'),(686,'u12019837','2014-09-26 11:01:20',' [ Method = loadAllPendingOnDemandAccounts ] [ Parameters: com.softserve.system.Session@f53d1e; ]'),(687,'u12019837','2014-09-26 11:01:24',' [ Method = getAllActiveMeetingsForWhichUserIsToAttend ] [ Parameters: com.softserve.system.Session@1526c66; ]'),(688,'u12019837','2014-09-26 11:01:24',' [ Method = allApplicationsWithPendingReportsForUser ] [ Parameters: com.softserve.system.Session@f0664c; ]'),(689,'u12019837','2014-09-26 11:01:25',' [ Method = getRenewableApplicationsForFellow ] [ Parameters: com.softserve.system.Session@51bd32; com.softserve.DBEntities.Person[ systemID=u12019837 ]; ]'),(690,'u12019837','2014-09-26 11:01:25',' [ Method = loadAllPendingOnDemandAccounts ] [ Parameters: com.softserve.system.Session@1e8f4c9; ]'),(691,'u12019837','2014-09-26 11:01:28',' [ Method = loadPendingApplications ] [ Parameters: com.softserve.system.Session@84bb5e; 0; 2147483647; ]'),(692,'u12019837','2014-09-26 11:01:28',' [ Method = getAllActiveMeetingsForWhichUserIsToAttend ] [ Parameters: com.softserve.system.Session@4eb562; ]'),(693,'u12019837','2014-09-26 11:01:28',' [ Method = allApplicationsWithPendingReportsForUser ] [ Parameters: com.softserve.system.Session@d4b80e; ]'),(694,'u12019837','2014-09-26 11:01:28',' [ Method = getRenewableApplicationsForFellow ] [ Parameters: com.softserve.system.Session@1adb768; com.softserve.DBEntities.Person[ systemID=u12019837 ]; ]'),(695,'u12019837','2014-09-26 11:01:28',' [ Method = loadAllPendingOnDemandAccounts ] [ Parameters: com.softserve.system.Session@af68b0; ]'),(696,'u12019837','2014-09-26 11:01:59',' [ Method = getAllActiveMeetingsForWhichUserIsToAttend ] [ Parameters: com.softserve.system.Session@32c6ab; ]'),(697,'u12019837','2014-09-26 11:01:59',' [ Method = allApplicationsWithPendingReportsForUser ] [ Parameters: com.softserve.system.Session@b206ee; ]'),(698,'u12019837','2014-09-26 11:01:59',' [ Method = getRenewableApplicationsForFellow ] [ Parameters: com.softserve.system.Session@15f03a8; com.softserve.DBEntities.Person[ systemID=u12019837 ]; ]'),(699,'u12019837','2014-09-26 11:01:59',' [ Method = loadAllPendingOnDemandAccounts ] [ Parameters: com.softserve.system.Session@196b00e; ]'),(700,'u12019837','2014-09-26 11:02:19',' [ Method = getAllActiveMeetingsForWhichUserIsToAttend ] [ Parameters: com.softserve.system.Session@1421bb2; ]'),(701,'u12019837','2014-09-26 11:02:19',' [ Method = allApplicationsWithPendingReportsForUser ] [ Parameters: com.softserve.system.Session@d81739; ]'),(702,'u12019837','2014-09-26 11:02:19',' [ Method = getRenewableApplicationsForFellow ] [ Parameters: com.softserve.system.Session@98cea9; com.softserve.DBEntities.Person[ systemID=u12019837 ]; ]'),(703,'u12019837','2014-09-26 11:02:19',' [ Method = loadAllPendingOnDemandAccounts ] [ Parameters: com.softserve.system.Session@144a8ef; ]'),(704,'u12019837','2014-09-26 11:02:34','Dean endorsed application [ Method = endorseApplication ] [ Parameters: com.softserve.system.Session@8d1b66; com.softserve.DBEntities.Application[ applicationID=5 ]; com.softserve.DBEntities.Endorsement[ endorsementID=5 ]; ]'),(705,'u12019837','2014-09-26 11:02:34',' [ Method = loadPendingApplications ] [ Parameters: com.softserve.system.Session@eeda8e; 0; 2147483647; ]'),(706,'u12019837','2014-09-26 11:02:34',' [ Method = getAllActiveMeetingsForWhichUserIsToAttend ] [ Parameters: com.softserve.system.Session@13330f4; ]'),(707,'u12019837','2014-09-26 11:02:34',' [ Method = allApplicationsWithPendingReportsForUser ] [ Parameters: com.softserve.system.Session@1f22713; ]'),(708,'u12019837','2014-09-26 11:02:34',' [ Method = getRenewableApplicationsForFellow ] [ Parameters: com.softserve.system.Session@1b340eb; com.softserve.DBEntities.Person[ systemID=u12019837 ]; ]'),(709,'u12019837','2014-09-26 11:02:34',' [ Method = loadAllPendingOnDemandAccounts ] [ Parameters: com.softserve.system.Session@b62581; ]'),(710,'u12019837','2014-09-26 11:02:41',' [ Method = getAllActiveMeetingsForWhichUserIsToAttend ] [ Parameters: com.softserve.system.Session@864806; ]'),(711,'u12019837','2014-09-26 11:02:41',' [ Method = allApplicationsWithPendingReportsForUser ] [ Parameters: com.softserve.system.Session@1816da; ]'),(712,'u12019837','2014-09-26 11:02:41',' [ Method = getRenewableApplicationsForFellow ] [ Parameters: com.softserve.system.Session@1c1c39e; com.softserve.DBEntities.Person[ systemID=u12019837 ]; ]'),(713,'u12019837','2014-09-26 11:02:41',' [ Method = loadAllPendingOnDemandAccounts ] [ Parameters: com.softserve.system.Session@939cfe; ]'),(714,'u12019837','2014-09-26 11:02:51',' [ Method = loadPendingApplications ] [ Parameters: com.softserve.system.Session@1b5bf47; 0; 2147483647; ]'),(715,'u12019837','2014-09-26 11:02:51',' [ Method = getAllActiveMeetingsForWhichUserIsToAttend ] [ Parameters: com.softserve.system.Session@490f80; ]'),(716,'u12019837','2014-09-26 11:02:51',' [ Method = allApplicationsWithPendingReportsForUser ] [ Parameters: com.softserve.system.Session@43c859; ]'),(717,'u12019837','2014-09-26 11:02:51',' [ Method = getRenewableApplicationsForFellow ] [ Parameters: com.softserve.system.Session@3b5774; com.softserve.DBEntities.Person[ systemID=u12019837 ]; ]'),(718,'u12019837','2014-09-26 11:02:51',' [ Method = loadAllPendingOnDemandAccounts ] [ Parameters: com.softserve.system.Session@acac0a; ]'),(719,'u12019837','2014-09-26 11:03:03',' [ Method = getAllActiveMeetingsForWhichUserIsToAttend ] [ Parameters: com.softserve.system.Session@1649380; ]'),(720,'u12019837','2014-09-26 11:03:03',' [ Method = allApplicationsWithPendingReportsForUser ] [ Parameters: com.softserve.system.Session@4c2834; ]'),(721,'u12019837','2014-09-26 11:03:03',' [ Method = getRenewableApplicationsForFellow ] [ Parameters: com.softserve.system.Session@17029b3; com.softserve.DBEntities.Person[ systemID=u12019837 ]; ]'),(722,'u12019837','2014-09-26 11:03:03',' [ Method = loadAllPendingOnDemandAccounts ] [ Parameters: com.softserve.system.Session@1ffb37e; ]'),(723,'u12019837','2014-09-26 11:03:08',' [ Method = getAllActiveMeetingsForWhichUserIsToAttend ] [ Parameters: com.softserve.system.Session@a9b1c4; ]'),(724,'u12019837','2014-09-26 11:03:09',' [ Method = allApplicationsWithPendingReportsForUser ] [ Parameters: com.softserve.system.Session@d3e30; ]'),(725,'u12019837','2014-09-26 11:03:09',' [ Method = getRenewableApplicationsForFellow ] [ Parameters: com.softserve.system.Session@1e77004; com.softserve.DBEntities.Person[ systemID=u12019837 ]; ]'),(726,'u12019837','2014-09-26 11:03:09',' [ Method = loadAllPendingOnDemandAccounts ] [ Parameters: com.softserve.system.Session@cb8187; ]'),(727,'u12019837','2014-09-26 11:03:15','Dean endorsed application [ Method = endorseApplication ] [ Parameters: com.softserve.system.Session@1060293; com.softserve.DBEntities.Application[ applicationID=8 ]; com.softserve.DBEntities.Endorsement[ endorsementID=8 ]; ]'),(728,'u12019837','2014-09-26 11:03:15',' [ Method = loadPendingApplications ] [ Parameters: com.softserve.system.Session@4c58b0; 0; 2147483647; ]'),(729,'u12019837','2014-09-26 11:03:15',' [ Method = getAllActiveMeetingsForWhichUserIsToAttend ] [ Parameters: com.softserve.system.Session@a70cef; ]'),(730,'u12019837','2014-09-26 11:03:15',' [ Method = allApplicationsWithPendingReportsForUser ] [ Parameters: com.softserve.system.Session@e5ed9b; ]'),(731,'u12019837','2014-09-26 11:03:15',' [ Method = getRenewableApplicationsForFellow ] [ Parameters: com.softserve.system.Session@16f35c8; com.softserve.DBEntities.Person[ systemID=u12019837 ]; ]'),(732,'u12019837','2014-09-26 11:03:15',' [ Method = loadAllPendingOnDemandAccounts ] [ Parameters: com.softserve.system.Session@20d351; ]'),(733,'u12019837','2014-09-26 11:03:24',' [ Method = getAllActiveMeetingsForWhichUserIsToAttend ] [ Parameters: com.softserve.system.Session@b1a951; ]'),(734,'u12019837','2014-09-26 11:03:24',' [ Method = allApplicationsWithPendingReportsForUser ] [ Parameters: com.softserve.system.Session@dc137e; ]'),(735,'u12019837','2014-09-26 11:03:24',' [ Method = getRenewableApplicationsForFellow ] [ Parameters: com.softserve.system.Session@1be26c2; com.softserve.DBEntities.Person[ systemID=u12019837 ]; ]'),(736,'u12019837','2014-09-26 11:03:24',' [ Method = loadAllPendingOnDemandAccounts ] [ Parameters: com.softserve.system.Session@1a22664; ]'),(737,'u12019837','2014-09-26 11:03:30',' [ Method = getAllActiveMeetingsForWhichUserIsToAttend ] [ Parameters: com.softserve.system.Session@1ad1b15; ]'),(738,'u12019837','2014-09-26 11:03:30',' [ Method = allApplicationsWithPendingReportsForUser ] [ Parameters: com.softserve.system.Session@f80948; ]'),(739,'u12019837','2014-09-26 11:03:30',' [ Method = getRenewableApplicationsForFellow ] [ Parameters: com.softserve.system.Session@ec7c1f; com.softserve.DBEntities.Person[ systemID=u12019837 ]; ]'),(740,'u12019837','2014-09-26 11:03:30',' [ Method = loadAllPendingOnDemandAccounts ] [ Parameters: com.softserve.system.Session@ab92c2; ]'),(741,'u12019837','2014-09-26 11:03:35','Dean endorsed application [ Method = endorseApplication ] [ Parameters: com.softserve.system.Session@1b912ed; com.softserve.DBEntities.Application[ applicationID=7 ]; com.softserve.DBEntities.Endorsement[ endorsementID=7 ]; ]'),(742,'u12019837','2014-09-26 11:03:35',' [ Method = loadPendingApplications ] [ Parameters: com.softserve.system.Session@1bd8c1; 0; 2147483647; ]'),(743,'u12019837','2014-09-26 11:03:35',' [ Method = getAllActiveMeetingsForWhichUserIsToAttend ] [ Parameters: com.softserve.system.Session@649b93; ]'),(744,'u12019837','2014-09-26 11:03:35',' [ Method = allApplicationsWithPendingReportsForUser ] [ Parameters: com.softserve.system.Session@1479604; ]'),(745,'u12019837','2014-09-26 11:03:35',' [ Method = getRenewableApplicationsForFellow ] [ Parameters: com.softserve.system.Session@be7d76; com.softserve.DBEntities.Person[ systemID=u12019837 ]; ]'),(746,'u12019837','2014-09-26 11:03:35',' [ Method = loadAllPendingOnDemandAccounts ] [ Parameters: com.softserve.system.Session@f317c0; ]'),(747,'u12019837','2014-09-26 11:03:40',' [ Method = getAllActiveMeetingsForWhichUserIsToAttend ] [ Parameters: com.softserve.system.Session@1c69efb; ]'),(748,'u12019837','2014-09-26 11:03:40',' [ Method = allApplicationsWithPendingReportsForUser ] [ Parameters: com.softserve.system.Session@1976212; ]'),(749,'u12019837','2014-09-26 11:03:40',' [ Method = getRenewableApplicationsForFellow ] [ Parameters: com.softserve.system.Session@2a0445; com.softserve.DBEntities.Person[ systemID=u12019837 ]; ]'),(750,'u12019837','2014-09-26 11:03:40',' [ Method = loadAllPendingOnDemandAccounts ] [ Parameters: com.softserve.system.Session@1f2696a; ]'),(751,'u12019837','2014-09-26 11:03:44',' [ Method = getAllApplications ] [ Parameters: com.softserve.system.Session@1ba8aa8; ]'),(752,'u12019837','2014-09-26 11:03:44',' [ Method = getAllActiveMeetingsForWhichUserIsToAttend ] [ Parameters: com.softserve.system.Session@19169e5; ]'),(753,'u12019837','2014-09-26 11:03:44',' [ Method = allApplicationsWithPendingReportsForUser ] [ Parameters: com.softserve.system.Session@1782a86; ]'),(754,'u12019837','2014-09-26 11:03:44',' [ Method = getRenewableApplicationsForFellow ] [ Parameters: com.softserve.system.Session@17e9e77; com.softserve.DBEntities.Person[ systemID=u12019837 ]; ]'),(755,'u12019837','2014-09-26 11:03:44',' [ Method = loadAllPendingOnDemandAccounts ] [ Parameters: com.softserve.system.Session@1010748; ]'),(756,'u12019837','2014-09-26 11:04:09',' [ Method = getAllActiveMeetingsForWhichUserIsToAttend ] [ Parameters: com.softserve.system.Session@1ba988a; ]'),(757,'u12019837','2014-09-26 11:04:09',' [ Method = allApplicationsWithPendingReportsForUser ] [ Parameters: com.softserve.system.Session@107aa20; ]'),(758,'u12019837','2014-09-26 11:04:09',' [ Method = getRenewableApplicationsForFellow ] [ Parameters: com.softserve.system.Session@b293b1; com.softserve.DBEntities.Person[ systemID=u12019837 ]; ]'),(759,'u12019837','2014-09-26 11:04:09',' [ Method = loadAllPendingOnDemandAccounts ] [ Parameters: com.softserve.system.Session@f31320; ]'),(760,'u12019837','2014-09-26 11:04:13',' [ Method = loadPendingApplications ] [ Parameters: com.softserve.system.Session@10de1b1; 0; 2147483647; ]'),(761,'u12019837','2014-09-26 11:04:13',' [ Method = getAllActiveMeetingsForWhichUserIsToAttend ] [ Parameters: com.softserve.system.Session@1408af4; ]'),(762,'u12019837','2014-09-26 11:04:13',' [ Method = allApplicationsWithPendingReportsForUser ] [ Parameters: com.softserve.system.Session@fac805; ]'),(763,'u12019837','2014-09-26 11:04:13',' [ Method = getRenewableApplicationsForFellow ] [ Parameters: com.softserve.system.Session@12a1da7; com.softserve.DBEntities.Person[ systemID=u12019837 ]; ]'),(764,'u12019837','2014-09-26 11:04:13',' [ Method = loadAllPendingOnDemandAccounts ] [ Parameters: com.softserve.system.Session@1613179; ]'),(765,'u12019837','2014-09-26 11:04:18',' [ Method = getAllActiveMeetingsForWhichUserIsToAttend ] [ Parameters: com.softserve.system.Session@12e4fa5; ]'),(766,'u12019837','2014-09-26 11:04:19',' [ Method = allApplicationsWithPendingReportsForUser ] [ Parameters: com.softserve.system.Session@247253; ]'),(767,'u12019837','2014-09-26 11:04:19',' [ Method = getRenewableApplicationsForFellow ] [ Parameters: com.softserve.system.Session@498ff4; com.softserve.DBEntities.Person[ systemID=u12019837 ]; ]'),(768,'u12019837','2014-09-26 11:04:19',' [ Method = loadAllPendingOnDemandAccounts ] [ Parameters: com.softserve.system.Session@eed2c5; ]'),(769,'u12019837','2014-09-26 11:04:24',' [ Method = getAllActiveMeetingsForWhichUserIsToAttend ] [ Parameters: com.softserve.system.Session@1332ef8; ]'),(770,'u12019837','2014-09-26 11:04:24',' [ Method = allApplicationsWithPendingReportsForUser ] [ Parameters: com.softserve.system.Session@127b95d; ]'),(771,'u12019837','2014-09-26 11:04:24',' [ Method = getRenewableApplicationsForFellow ] [ Parameters: com.softserve.system.Session@1e5cc96; com.softserve.DBEntities.Person[ systemID=u12019837 ]; ]'),(772,'u12019837','2014-09-26 11:04:24',' [ Method = loadAllPendingOnDemandAccounts ] [ Parameters: com.softserve.system.Session@195d4ed; ]'),(773,'u12019837','2014-09-26 11:04:28','Dean endorsed application [ Method = endorseApplication ] [ Parameters: com.softserve.system.Session@1cd112f; com.softserve.DBEntities.Application[ applicationID=6 ]; com.softserve.DBEntities.Endorsement[ endorsementID=6 ]; ]'),(774,'u12019837','2014-09-26 11:04:28',' [ Method = loadPendingApplications ] [ Parameters: com.softserve.system.Session@96807a; 0; 2147483647; ]'),(775,'u12019837','2014-09-26 11:04:29',' [ Method = getAllActiveMeetingsForWhichUserIsToAttend ] [ Parameters: com.softserve.system.Session@1ed5b43; ]'),(776,'u12019837','2014-09-26 11:04:29',' [ Method = allApplicationsWithPendingReportsForUser ] [ Parameters: com.softserve.system.Session@3791c3; ]'),(777,'u12019837','2014-09-26 11:04:29',' [ Method = getRenewableApplicationsForFellow ] [ Parameters: com.softserve.system.Session@1980e02; com.softserve.DBEntities.Person[ systemID=u12019837 ]; ]'),(778,'u12019837','2014-09-26 11:04:29',' [ Method = loadAllPendingOnDemandAccounts ] [ Parameters: com.softserve.system.Session@190d009; ]'),(779,'u12019837','2014-09-26 11:04:35',' [ Method = getAllActiveMeetingsForWhichUserIsToAttend ] [ Parameters: com.softserve.system.Session@d29f7f; ]'),(780,'u12019837','2014-09-26 11:04:35',' [ Method = allApplicationsWithPendingReportsForUser ] [ Parameters: com.softserve.system.Session@15b5668; ]'),(781,'u12019837','2014-09-26 11:04:35',' [ Method = getRenewableApplicationsForFellow ] [ Parameters: com.softserve.system.Session@b6f177; com.softserve.DBEntities.Person[ systemID=u12019837 ]; ]'),(782,'u12019837','2014-09-26 11:04:35',' [ Method = loadAllPendingOnDemandAccounts ] [ Parameters: com.softserve.system.Session@ae2758; ]'),(783,'u12019837','2014-09-26 11:05:11',' [ Method = loadPendingEndorsedApplications ] [ Parameters: com.softserve.system.Session@8d6787; 0; 2147483647; ]'),(784,'u12019837','2014-09-26 11:05:11',' [ Method = loadPendingEligibleApplications ] [ Parameters: com.softserve.system.Session@1f97266; 0; 2147483647; ]'),(785,'u12019837','2014-09-26 11:05:11',' [ Method = loadFundedApplications ] [ Parameters: com.softserve.system.Session@b8ee6c; 0; 2147483647; ]'),(786,'u12019837','2014-09-26 11:05:11',' [ Method = getAllActiveMeetingsForWhichUserIsToAttend ] [ Parameters: com.softserve.system.Session@1d9533c; ]'),(787,'u12019837','2014-09-26 11:05:11',' [ Method = allApplicationsWithPendingReportsForUser ] [ Parameters: com.softserve.system.Session@10503ad; ]'),(788,'u12019837','2014-09-26 11:05:11',' [ Method = getRenewableApplicationsForFellow ] [ Parameters: com.softserve.system.Session@fd649e; com.softserve.DBEntities.Person[ systemID=u12019837 ]; ]'),(789,'u12019837','2014-09-26 11:05:11',' [ Method = loadAllPendingOnDemandAccounts ] [ Parameters: com.softserve.system.Session@16a7a12; ]'),(790,'u12019837','2014-09-26 11:05:17',' [ Method = getAllActiveMeetingsForWhichUserIsToAttend ] [ Parameters: com.softserve.system.Session@18b767e; ]'),(791,'u12019837','2014-09-26 11:05:17',' [ Method = allApplicationsWithPendingReportsForUser ] [ Parameters: com.softserve.system.Session@148ac05; ]'),(792,'u12019837','2014-09-26 11:05:17',' [ Method = getRenewableApplicationsForFellow ] [ Parameters: com.softserve.system.Session@10fa81a; com.softserve.DBEntities.Person[ systemID=u12019837 ]; ]'),(793,'u12019837','2014-09-26 11:05:17',' [ Method = loadAllPendingOnDemandAccounts ] [ Parameters: com.softserve.system.Session@1622d7c; ]'),(794,'u12019837','2014-09-26 11:05:18',' [ Method = checkApplicationForEligiblity ] [ Parameters: com.softserve.system.Session@e5c5db; com.softserve.DBEntities.Application[ applicationID=8 ]; ]'),(795,'u12019837','2014-09-26 11:05:29',' [ Method = setApplicationEligibleStatus ] [ Parameters: com.softserve.system.Session@e9c433; com.softserve.DBEntities.Application[ applicationID=8 ]; true; ]'),(796,'u12019837','2014-09-26 11:05:29',' [ Method = loadPendingEndorsedApplications ] [ Parameters: com.softserve.system.Session@3ef71a; 0; 2147483647; ]'),(797,'u12019837','2014-09-26 11:05:29',' [ Method = loadPendingEligibleApplications ] [ Parameters: com.softserve.system.Session@11cbc7e; 0; 2147483647; ]'),(798,'u12019837','2014-09-26 11:05:29',' [ Method = loadFundedApplications ] [ Parameters: com.softserve.system.Session@fb9ce1; 0; 2147483647; ]'),(799,'u12019837','2014-09-26 11:05:29',' [ Method = getAllActiveMeetingsForWhichUserIsToAttend ] [ Parameters: com.softserve.system.Session@1e6e449; ]'),(800,'u12019837','2014-09-26 11:05:29',' [ Method = allApplicationsWithPendingReportsForUser ] [ Parameters: com.softserve.system.Session@1fe7050; ]'),(801,'u12019837','2014-09-26 11:05:29',' [ Method = getRenewableApplicationsForFellow ] [ Parameters: com.softserve.system.Session@1346d2f; com.softserve.DBEntities.Person[ systemID=u12019837 ]; ]'),(802,'u12019837','2014-09-26 11:05:29',' [ Method = loadAllPendingOnDemandAccounts ] [ Parameters: com.softserve.system.Session@753434; ]'),(803,'u12019837','2014-09-26 11:05:46',' [ Method = getAllActiveMeetingsForWhichUserIsToAttend ] [ Parameters: com.softserve.system.Session@6b6bdf; ]'),(804,'u12019837','2014-09-26 11:05:46',' [ Method = allApplicationsWithPendingReportsForUser ] [ Parameters: com.softserve.system.Session@9b483b; ]'),(805,'u12019837','2014-09-26 11:05:46',' [ Method = getRenewableApplicationsForFellow ] [ Parameters: com.softserve.system.Session@170ac4f; com.softserve.DBEntities.Person[ systemID=u12019837 ]; ]'),(806,'u12019837','2014-09-26 11:05:46',' [ Method = loadAllPendingOnDemandAccounts ] [ Parameters: com.softserve.system.Session@18afc25; ]'),(807,'u12019837','2014-09-26 11:05:52',' [ Method = getAllActiveMeetingsForWhichUserIsToAttend ] [ Parameters: com.softserve.system.Session@dffa33; ]'),(808,'u12019837','2014-09-26 11:05:52',' [ Method = allApplicationsWithPendingReportsForUser ] [ Parameters: com.softserve.system.Session@e3d191; ]'),(809,'u12019837','2014-09-26 11:05:52',' [ Method = getRenewableApplicationsForFellow ] [ Parameters: com.softserve.system.Session@d35586; com.softserve.DBEntities.Person[ systemID=u12019837 ]; ]'),(810,'u12019837','2014-09-26 11:05:52',' [ Method = loadAllPendingOnDemandAccounts ] [ Parameters: com.softserve.system.Session@649572; ]'),(811,'u12019837','2014-09-26 11:08:33',' [ Method = getAllActiveMeetingsForWhichUserIsToAttend ] [ Parameters: com.softserve.system.Session@6f8c53; ]'),(812,'u12019837','2014-09-26 11:08:33',' [ Method = allApplicationsWithPendingReportsForUser ] [ Parameters: com.softserve.system.Session@b57304; ]'),(813,'u12019837','2014-09-26 11:08:34',' [ Method = getRenewableApplicationsForFellow ] [ Parameters: com.softserve.system.Session@b0db01; com.softserve.DBEntities.Person[ systemID=u12019837 ]; ]'),(814,'u12019837','2014-09-26 11:08:34',' [ Method = loadAllPendingOnDemandAccounts ] [ Parameters: com.softserve.system.Session@a519b7; ]'),(815,'u12019837','2014-09-26 11:09:15',' [ Method = getAllActiveMeetingsForWhichUserIsToAttend ] [ Parameters: com.softserve.system.Session@1b73a9b; ]'),(816,'u12019837','2014-09-26 11:09:15',' [ Method = allApplicationsWithPendingReportsForUser ] [ Parameters: com.softserve.system.Session@154e583; ]'),(817,'u12019837','2014-09-26 11:09:15',' [ Method = getRenewableApplicationsForFellow ] [ Parameters: com.softserve.system.Session@17d6dfa; com.softserve.DBEntities.Person[ systemID=u12019837 ]; ]'),(818,'u12019837','2014-09-26 11:09:15',' [ Method = loadAllPendingOnDemandAccounts ] [ Parameters: com.softserve.system.Session@6c76a4; ]'),(819,'u12019837','2014-09-26 11:10:29',' [ Method = getAllActiveMeetingsForWhichUserIsToAttend ] [ Parameters: com.softserve.system.Session@e3c70d; ]'),(820,'u12019837','2014-09-26 11:10:29',' [ Method = allApplicationsWithPendingReportsForUser ] [ Parameters: com.softserve.system.Session@108472e; ]'),(821,'u12019837','2014-09-26 11:10:29',' [ Method = getRenewableApplicationsForFellow ] [ Parameters: com.softserve.system.Session@fdb16b; com.softserve.DBEntities.Person[ systemID=u12019837 ]; ]'),(822,'u12019837','2014-09-26 11:10:29',' [ Method = loadAllPendingOnDemandAccounts ] [ Parameters: com.softserve.system.Session@fe1278; ]'),(823,'u12019837','2014-09-26 11:10:41',' [ Method = loadPendingEndorsedApplications ] [ Parameters: com.softserve.system.Session@196e418; 0; 2147483647; ]'),(824,'u12019837','2014-09-26 11:10:41',' [ Method = loadPendingEligibleApplications ] [ Parameters: com.softserve.system.Session@18beef1; 0; 2147483647; ]'),(825,'u12019837','2014-09-26 11:10:41',' [ Method = loadFundedApplications ] [ Parameters: com.softserve.system.Session@aa1bd9; 0; 2147483647; ]'),(826,'u12019837','2014-09-26 11:10:41',' [ Method = getAllActiveMeetingsForWhichUserIsToAttend ] [ Parameters: com.softserve.system.Session@10905be; ]'),(827,'u12019837','2014-09-26 11:10:41',' [ Method = allApplicationsWithPendingReportsForUser ] [ Parameters: com.softserve.system.Session@fea427; ]'),(828,'u12019837','2014-09-26 11:10:41',' [ Method = getRenewableApplicationsForFellow ] [ Parameters: com.softserve.system.Session@6dc5aa; com.softserve.DBEntities.Person[ systemID=u12019837 ]; ]'),(829,'u12019837','2014-09-26 11:10:41',' [ Method = loadAllPendingOnDemandAccounts ] [ Parameters: com.softserve.system.Session@22fdd9; ]'),(830,'u12019837','2014-09-26 11:12:04',' [ Method = getAllActiveMeetingsForWhichUserIsToAttend ] [ Parameters: com.softserve.system.Session@1601aa1; ]'),(831,'u12019837','2014-09-26 11:12:04',' [ Method = allApplicationsWithPendingReportsForUser ] [ Parameters: com.softserve.system.Session@1cff3ec; ]'),(832,'u12019837','2014-09-26 11:12:04',' [ Method = getRenewableApplicationsForFellow ] [ Parameters: com.softserve.system.Session@13a699f; com.softserve.DBEntities.Person[ systemID=u12019837 ]; ]'),(833,'u12019837','2014-09-26 11:12:04',' [ Method = loadAllPendingOnDemandAccounts ] [ Parameters: com.softserve.system.Session@433e24; ]'),(834,'u12019837','2014-09-26 11:12:04',' [ Method = checkApplicationForEligiblity ] [ Parameters: com.softserve.system.Session@a241f5; com.softserve.DBEntities.Application[ applicationID=6 ]; ]'),(835,'u12019837','2014-09-26 11:12:12',' [ Method = setApplicationEligibleStatus ] [ Parameters: com.softserve.system.Session@1c6f5f5; com.softserve.DBEntities.Application[ applicationID=6 ]; true; ]'),(836,'u12019837','2014-09-26 11:12:13',' [ Method = loadPendingEndorsedApplications ] [ Parameters: com.softserve.system.Session@1de9a6; 0; 2147483647; ]'),(837,'u12019837','2014-09-26 11:12:13',' [ Method = loadPendingEligibleApplications ] [ Parameters: com.softserve.system.Session@119ea06; 0; 2147483647; ]'),(838,'u12019837','2014-09-26 11:12:13',' [ Method = loadFundedApplications ] [ Parameters: com.softserve.system.Session@b64495; 0; 2147483647; ]'),(839,'u12019837','2014-09-26 11:12:13',' [ Method = getAllActiveMeetingsForWhichUserIsToAttend ] [ Parameters: com.softserve.system.Session@c8edcd; ]'),(840,'u12019837','2014-09-26 11:12:13',' [ Method = allApplicationsWithPendingReportsForUser ] [ Parameters: com.softserve.system.Session@ccdb9; ]'),(841,'u12019837','2014-09-26 11:12:13',' [ Method = getRenewableApplicationsForFellow ] [ Parameters: com.softserve.system.Session@12e7485; com.softserve.DBEntities.Person[ systemID=u12019837 ]; ]'),(842,'u12019837','2014-09-26 11:12:13',' [ Method = loadAllPendingOnDemandAccounts ] [ Parameters: com.softserve.system.Session@c8ebec; ]'),(843,'u12019837','2014-09-26 11:12:20',' [ Method = getAllActiveMeetingsForWhichUserIsToAttend ] [ Parameters: com.softserve.system.Session@40d205; ]'),(844,'u12019837','2014-09-26 11:12:20',' [ Method = allApplicationsWithPendingReportsForUser ] [ Parameters: com.softserve.system.Session@63f799; ]'),(845,'u12019837','2014-09-26 11:12:20',' [ Method = getRenewableApplicationsForFellow ] [ Parameters: com.softserve.system.Session@afb382; com.softserve.DBEntities.Person[ systemID=u12019837 ]; ]'),(846,'u12019837','2014-09-26 11:12:20',' [ Method = loadAllPendingOnDemandAccounts ] [ Parameters: com.softserve.system.Session@1a833d0; ]'),(847,'u12019837','2014-09-26 11:12:20',' [ Method = checkApplicationForEligiblity ] [ Parameters: com.softserve.system.Session@18e6e03; com.softserve.DBEntities.Application[ applicationID=7 ]; ]'),(848,'u12019837','2014-09-26 11:12:29',' [ Method = setApplicationEligibleStatus ] [ Parameters: com.softserve.system.Session@674a44; com.softserve.DBEntities.Application[ applicationID=7 ]; true; ]'),(849,'u12019837','2014-09-26 11:12:29',' [ Method = loadPendingEndorsedApplications ] [ Parameters: com.softserve.system.Session@1dbe062; 0; 2147483647; ]'),(850,'u12019837','2014-09-26 11:12:29',' [ Method = loadPendingEligibleApplications ] [ Parameters: com.softserve.system.Session@1417b1e; 0; 2147483647; ]'),(851,'u12019837','2014-09-26 11:12:29',' [ Method = loadFundedApplications ] [ Parameters: com.softserve.system.Session@17987a0; 0; 2147483647; ]'),(852,'u12019837','2014-09-26 11:12:29',' [ Method = getAllActiveMeetingsForWhichUserIsToAttend ] [ Parameters: com.softserve.system.Session@1579358; ]'),(853,'u12019837','2014-09-26 11:12:29',' [ Method = allApplicationsWithPendingReportsForUser ] [ Parameters: com.softserve.system.Session@1010043; ]'),(854,'u12019837','2014-09-26 11:12:29',' [ Method = getRenewableApplicationsForFellow ] [ Parameters: com.softserve.system.Session@171a0ae; com.softserve.DBEntities.Person[ systemID=u12019837 ]; ]'),(855,'u12019837','2014-09-26 11:12:29',' [ Method = loadAllPendingOnDemandAccounts ] [ Parameters: com.softserve.system.Session@1fc1872; ]'),(856,'u12019837','2014-09-26 11:14:01',' [ Method = getAllActiveMeetingsForWhichUserIsToAttend ] [ Parameters: com.softserve.system.Session@2692f9; ]'),(857,'u12019837','2014-09-26 11:14:01',' [ Method = allApplicationsWithPendingReportsForUser ] [ Parameters: com.softserve.system.Session@1a5f82f; ]'),(858,'u12019837','2014-09-26 11:14:02',' [ Method = getRenewableApplicationsForFellow ] [ Parameters: com.softserve.system.Session@7ce266; com.softserve.DBEntities.Person[ systemID=u12019837 ]; ]'),(859,'u12019837','2014-09-26 11:14:02',' [ Method = loadAllPendingOnDemandAccounts ] [ Parameters: com.softserve.system.Session@1420278; ]'),(860,'u12019837','2014-09-26 11:17:27',' [ Method = login ] [ Parameters: com.softserve.system.Session@24f600; ]'),(861,'u12019837','2014-09-26 11:17:28',' [ Method = getAllActiveMeetingsForWhichUserIsToAttend ] [ Parameters: com.softserve.system.Session@1c569de; ]'),(862,'u12019837','2014-09-26 11:17:28',' [ Method = allApplicationsWithPendingReportsForUser ] [ Parameters: com.softserve.system.Session@18dee2f; ]'),(863,'u12019837','2014-09-26 11:17:28',' [ Method = getRenewableApplicationsForFellow ] [ Parameters: com.softserve.system.Session@115c0c; com.softserve.DBEntities.Person[ systemID=u12019837 ]; ]'),(864,'u12019837','2014-09-26 11:17:28',' [ Method = loadAllPendingOnDemandAccounts ] [ Parameters: com.softserve.system.Session@17f0e2d; ]'),(865,'u12019837','2014-09-26 11:17:52',' [ Method = getAllActiveMeetingsForWhichUserIsToAttend ] [ Parameters: com.softserve.system.Session@b4e232; ]'),(866,'u12019837','2014-09-26 11:17:52',' [ Method = allApplicationsWithPendingReportsForUser ] [ Parameters: com.softserve.system.Session@2b7f5f; ]'),(867,'u12019837','2014-09-26 11:17:52',' [ Method = getRenewableApplicationsForFellow ] [ Parameters: com.softserve.system.Session@10e16e2; com.softserve.DBEntities.Person[ systemID=u12019837 ]; ]'),(868,'u12019837','2014-09-26 11:17:52',' [ Method = loadAllPendingOnDemandAccounts ] [ Parameters: com.softserve.system.Session@1315ebb; ]'),(869,'u12019837','2014-09-26 11:18:12',' [ Method = loadPendingEndorsedApplications ] [ Parameters: com.softserve.system.Session@5f0516; 0; 2147483647; ]'),(870,'u12019837','2014-09-26 11:18:12',' [ Method = loadPendingEligibleApplications ] [ Parameters: com.softserve.system.Session@15b3910; 0; 2147483647; ]'),(871,'u12019837','2014-09-26 11:18:12',' [ Method = loadFundedApplications ] [ Parameters: com.softserve.system.Session@11d19be; 0; 2147483647; ]'),(872,'u12019837','2014-09-26 11:18:12',' [ Method = getAllActiveMeetingsForWhichUserIsToAttend ] [ Parameters: com.softserve.system.Session@1d04305; ]'),(873,'u12019837','2014-09-26 11:18:12',' [ Method = allApplicationsWithPendingReportsForUser ] [ Parameters: com.softserve.system.Session@1b29643; ]'),(874,'u12019837','2014-09-26 11:18:12',' [ Method = getRenewableApplicationsForFellow ] [ Parameters: com.softserve.system.Session@c4cfc8; com.softserve.DBEntities.Person[ systemID=u12019837 ]; ]'),(875,'u12019837','2014-09-26 11:18:12',' [ Method = loadAllPendingOnDemandAccounts ] [ Parameters: com.softserve.system.Session@1ddef2a; ]'),(876,'u12019837','2014-09-26 11:18:21',' [ Method = getAllActiveMeetingsForWhichUserIsToAttend ] [ Parameters: com.softserve.system.Session@c1c328; ]'),(877,'u12019837','2014-09-26 11:18:21',' [ Method = allApplicationsWithPendingReportsForUser ] [ Parameters: com.softserve.system.Session@9c3f23; ]'),(878,'u12019837','2014-09-26 11:18:22',' [ Method = getRenewableApplicationsForFellow ] [ Parameters: com.softserve.system.Session@173d1bf; com.softserve.DBEntities.Person[ systemID=u12019837 ]; ]'),(879,'u12019837','2014-09-26 11:18:22',' [ Method = loadAllPendingOnDemandAccounts ] [ Parameters: com.softserve.system.Session@1074720; ]'),(880,'u12019837','2014-09-26 11:18:32',' [ Method = getAllActiveMeetingsForWhichUserIsToAttend ] [ Parameters: com.softserve.system.Session@68bf9; ]'),(881,'u12019837','2014-09-26 11:18:32',' [ Method = allApplicationsWithPendingReportsForUser ] [ Parameters: com.softserve.system.Session@1000a7c; ]'),(882,'u12019837','2014-09-26 11:18:32',' [ Method = getRenewableApplicationsForFellow ] [ Parameters: com.softserve.system.Session@23bfcc; com.softserve.DBEntities.Person[ systemID=u12019837 ]; ]'),(883,'u12019837','2014-09-26 11:18:32',' [ Method = loadAllPendingOnDemandAccounts ] [ Parameters: com.softserve.system.Session@744f76; ]'),(884,'u12019837','2014-09-26 11:19:44',' [ Method = getAllActiveMeetingsForWhichUserIsToAttend ] [ Parameters: com.softserve.system.Session@72ffb5; ]'),(885,'u12019837','2014-09-26 11:19:44',' [ Method = allApplicationsWithPendingReportsForUser ] [ Parameters: com.softserve.system.Session@4e0b9a; ]'),(886,'u12019837','2014-09-26 11:19:44',' [ Method = getRenewableApplicationsForFellow ] [ Parameters: com.softserve.system.Session@1212c00; com.softserve.DBEntities.Person[ systemID=u12019837 ]; ]'),(887,'u12019837','2014-09-26 11:19:44',' [ Method = loadAllPendingOnDemandAccounts ] [ Parameters: com.softserve.system.Session@d196f0; ]'),(888,'u12019837','2014-09-26 11:20:27',' [ Method = getAllActiveMeetingsForWhichUserIsToAttend ] [ Parameters: com.softserve.system.Session@1044d78; ]'),(889,'u12019837','2014-09-26 11:20:27',' [ Method = allApplicationsWithPendingReportsForUser ] [ Parameters: com.softserve.system.Session@7ec86b; ]'),(890,'u12019837','2014-09-26 11:20:27',' [ Method = getRenewableApplicationsForFellow ] [ Parameters: com.softserve.system.Session@8a2612; com.softserve.DBEntities.Person[ systemID=u12019837 ]; ]'),(891,'u12019837','2014-09-26 11:20:27',' [ Method = loadAllPendingOnDemandAccounts ] [ Parameters: com.softserve.system.Session@b5b0ae; ]'),(892,'u12019837','2014-09-26 11:35:40',' [ Method = getAllActiveMeetingsForWhichUserIsToAttend ] [ Parameters: com.softserve.system.Session@1973467; ]'),(893,'u12019837','2014-09-26 11:35:40',' [ Method = allApplicationsWithPendingReportsForUser ] [ Parameters: com.softserve.system.Session@1b2a41b; ]'),(894,'u12019837','2014-09-26 11:35:40',' [ Method = getRenewableApplicationsForFellow ] [ Parameters: com.softserve.system.Session@15cbb8a; com.softserve.DBEntities.Person[ systemID=u12019837 ]; ]'),(895,'u12019837','2014-09-26 11:35:40',' [ Method = loadAllPendingOnDemandAccounts ] [ Parameters: com.softserve.system.Session@18b0b2d; ]'),(896,'u12019837','2014-09-26 11:35:51',' [ Method = getAllActiveMeetingsForWhichUserIsToAttend ] [ Parameters: com.softserve.system.Session@19a4f59; ]'),(897,'u12019837','2014-09-26 11:35:51',' [ Method = allApplicationsWithPendingReportsForUser ] [ Parameters: com.softserve.system.Session@1d81130; ]'),(898,'u12019837','2014-09-26 11:35:52',' [ Method = getRenewableApplicationsForFellow ] [ Parameters: com.softserve.system.Session@6fa11c; com.softserve.DBEntities.Person[ systemID=u12019837 ]; ]'),(899,'u12019837','2014-09-26 11:35:52',' [ Method = loadAllPendingOnDemandAccounts ] [ Parameters: com.softserve.system.Session@169c725; ]'),(900,'u12019837','2014-09-26 11:35:52',' [ Method = viewAllUserAccounts ] [ Parameters: com.softserve.system.Session@1b158ad; ]'),(901,'u12019837','2014-09-26 11:36:01',' [ Method = getAllActiveMeetingsForWhichUserIsToAttend ] [ Parameters: com.softserve.system.Session@17fcc7b; ]'),(902,'u12019837','2014-09-26 11:36:01',' [ Method = allApplicationsWithPendingReportsForUser ] [ Parameters: com.softserve.system.Session@1397e65; ]'),(903,'u12019837','2014-09-26 11:36:02',' [ Method = getRenewableApplicationsForFellow ] [ Parameters: com.softserve.system.Session@1c0a1df; com.softserve.DBEntities.Person[ systemID=u12019837 ]; ]'),(904,'u12019837','2014-09-26 11:36:02',' [ Method = loadAllPendingOnDemandAccounts ] [ Parameters: com.softserve.system.Session@a9e898; ]'),(905,'u12019837','2014-09-26 11:36:25',' [ Method = getAllActiveMeetingsForWhichUserIsToAttend ] [ Parameters: com.softserve.system.Session@fa0bbd; ]'),(906,'u12019837','2014-09-26 11:36:25',' [ Method = allApplicationsWithPendingReportsForUser ] [ Parameters: com.softserve.system.Session@a3830d; ]'),(907,'u12019837','2014-09-26 11:36:25',' [ Method = getRenewableApplicationsForFellow ] [ Parameters: com.softserve.system.Session@1b14c87; com.softserve.DBEntities.Person[ systemID=u12019837 ]; ]'),(908,'u12019837','2014-09-26 11:36:25',' [ Method = loadAllPendingOnDemandAccounts ] [ Parameters: com.softserve.system.Session@11622cb; ]'),(909,'u12019837','2014-09-26 11:36:38',' [ Method = getAllActiveMeetingsForWhichUserIsToAttend ] [ Parameters: com.softserve.system.Session@7c85dd; ]'),(910,'u12019837','2014-09-26 11:36:39',' [ Method = allApplicationsWithPendingReportsForUser ] [ Parameters: com.softserve.system.Session@d30048; ]'),(911,'u12019837','2014-09-26 11:36:39',' [ Method = getRenewableApplicationsForFellow ] [ Parameters: com.softserve.system.Session@1fdf7ca; com.softserve.DBEntities.Person[ systemID=u12019837 ]; ]'),(912,'u12019837','2014-09-26 11:36:39',' [ Method = loadAllPendingOnDemandAccounts ] [ Parameters: com.softserve.system.Session@1bb53e3; ]'),(913,'u12019837','2014-09-26 11:53:05',' [ Method = login ] [ Parameters: com.softserve.system.Session@b2977f; ]'),(914,'u12019837','2014-09-26 11:53:05',' [ Method = getAllActiveMeetingsForWhichUserIsToAttend ] [ Parameters: com.softserve.system.Session@ca2d5; ]'),(915,'u12019837','2014-09-26 11:53:06',' [ Method = allApplicationsWithPendingReportsForUser ] [ Parameters: com.softserve.system.Session@1e91ec9; ]'),(916,'u12019837','2014-09-26 11:53:06',' [ Method = getRenewableApplicationsForFellow ] [ Parameters: com.softserve.system.Session@ea7831; com.softserve.DBEntities.Person[ systemID=u12019837 ]; ]'),(917,'u12019837','2014-09-26 11:53:06',' [ Method = loadAllPendingOnDemandAccounts ] [ Parameters: com.softserve.system.Session@14ed4f2; ]'),(918,'u12019837','2014-09-26 11:53:08',' [ Method = getAllActiveMeetingsForWhichUserIsToAttend ] [ Parameters: com.softserve.system.Session@16812ce; ]'),(919,'u12019837','2014-09-26 11:53:08',' [ Method = allApplicationsWithPendingReportsForUser ] [ Parameters: com.softserve.system.Session@101dc1d; ]'),(920,'u12019837','2014-09-26 11:53:08',' [ Method = getRenewableApplicationsForFellow ] [ Parameters: com.softserve.system.Session@dac699; com.softserve.DBEntities.Person[ systemID=u12019837 ]; ]'),(921,'u12019837','2014-09-26 11:53:08',' [ Method = loadAllPendingOnDemandAccounts ] [ Parameters: com.softserve.system.Session@19d0f5; ]'),(922,'u12019837','2014-09-26 11:53:11',' [ Method = loadPendingEndorsedApplications ] [ Parameters: com.softserve.system.Session@17ad3c1; 0; 2147483647; ]'),(923,'u12019837','2014-09-26 11:53:11',' [ Method = loadPendingEligibleApplications ] [ Parameters: com.softserve.system.Session@1749922; 0; 2147483647; ]'),(924,'u12019837','2014-09-26 11:53:11',' [ Method = loadFundedApplications ] [ Parameters: com.softserve.system.Session@e4ad22; 0; 2147483647; ]'),(925,'u12019837','2014-09-26 11:53:11',' [ Method = getAllActiveMeetingsForWhichUserIsToAttend ] [ Parameters: com.softserve.system.Session@16c486c; ]'),(926,'u12019837','2014-09-26 11:53:11',' [ Method = allApplicationsWithPendingReportsForUser ] [ Parameters: com.softserve.system.Session@832325; ]'),(927,'u12019837','2014-09-26 11:53:12',' [ Method = getRenewableApplicationsForFellow ] [ Parameters: com.softserve.system.Session@387f67; com.softserve.DBEntities.Person[ systemID=u12019837 ]; ]'),(928,'u12019837','2014-09-26 11:53:12',' [ Method = loadAllPendingOnDemandAccounts ] [ Parameters: com.softserve.system.Session@73df7f; ]'),(929,'u12019837','2014-09-26 11:53:18',' [ Method = getAllActiveMeetingsForWhichUserIsToAttend ] [ Parameters: com.softserve.system.Session@e82642; ]'),(930,'u12019837','2014-09-26 11:53:19',' [ Method = allApplicationsWithPendingReportsForUser ] [ Parameters: com.softserve.system.Session@72104f; ]'),(931,'u12019837','2014-09-26 11:53:20',' [ Method = getRenewableApplicationsForFellow ] [ Parameters: com.softserve.system.Session@129994c; com.softserve.DBEntities.Person[ systemID=u12019837 ]; ]'),(932,'u12019837','2014-09-26 11:53:20',' [ Method = loadAllPendingOnDemandAccounts ] [ Parameters: com.softserve.system.Session@1bd39e8; ]'),(933,'u12019837','2014-09-26 11:53:32',' [ Method = getAllActiveMeetingsForWhichUserIsToAttend ] [ Parameters: com.softserve.system.Session@1da3c6d; ]'),(934,'u12019837','2014-09-26 11:53:32',' [ Method = allApplicationsWithPendingReportsForUser ] [ Parameters: com.softserve.system.Session@27943; ]'),(935,'u12019837','2014-09-26 11:53:32',' [ Method = getRenewableApplicationsForFellow ] [ Parameters: com.softserve.system.Session@f54ebb; com.softserve.DBEntities.Person[ systemID=u12019837 ]; ]'),(936,'u12019837','2014-09-26 11:53:32',' [ Method = loadAllPendingOnDemandAccounts ] [ Parameters: com.softserve.system.Session@1e7138a; ]'),(937,'u12019837','2014-09-26 11:54:50',' [ Method = getAllActiveMeetingsForWhichUserIsToAttend ] [ Parameters: com.softserve.system.Session@45c191; ]'),(938,'u12019837','2014-09-26 11:54:50',' [ Method = allApplicationsWithPendingReportsForUser ] [ Parameters: com.softserve.system.Session@92068b; ]'),(939,'u12019837','2014-09-26 11:54:50',' [ Method = getRenewableApplicationsForFellow ] [ Parameters: com.softserve.system.Session@148622e; com.softserve.DBEntities.Person[ systemID=u12019837 ]; ]'),(940,'u12019837','2014-09-26 11:54:50',' [ Method = loadAllPendingOnDemandAccounts ] [ Parameters: com.softserve.system.Session@1ba18c3; ]'),(941,'u12019837','2014-09-26 11:55:15',' [ Method = approveFunding ] [ Parameters: com.softserve.system.Session@275cf; com.softserve.DBEntities.Application[ applicationID=8 ]; com.softserve.DBEntities.ResearchFellowInformation[ systemAssignedID=f14000008 ]; com.softserve.DBEntities.FundingReport[ reportID=8 ]; ; com.softserve.DBEntities.Notification[ notificationID=null ]; com.softserve.DBEntities.Notification[ notificationID=null ]; ]'),(942,'u12019837','2014-09-26 11:55:15',' [ Method = loadPendingEndorsedApplications ] [ Parameters: com.softserve.system.Session@1142c34; 0; 2147483647; ]'),(943,'u12019837','2014-09-26 11:55:15',' [ Method = loadPendingEligibleApplications ] [ Parameters: com.softserve.system.Session@e5e086; 0; 2147483647; ]'),(944,'u12019837','2014-09-26 11:55:15',' [ Method = loadFundedApplications ] [ Parameters: com.softserve.system.Session@1f4a5fd; 0; 2147483647; ]'),(945,'u12019837','2014-09-26 11:55:16',' [ Method = getAllActiveMeetingsForWhichUserIsToAttend ] [ Parameters: com.softserve.system.Session@c5a9ad; ]'),(946,'u12019837','2014-09-26 11:55:16',' [ Method = allApplicationsWithPendingReportsForUser ] [ Parameters: com.softserve.system.Session@161a3fd; ]'),(947,'u12019837','2014-09-26 11:55:16',' [ Method = getRenewableApplicationsForFellow ] [ Parameters: com.softserve.system.Session@15b0596; com.softserve.DBEntities.Person[ systemID=u12019837 ]; ]'),(948,'u12019837','2014-09-26 11:55:16',' [ Method = loadAllPendingOnDemandAccounts ] [ Parameters: com.softserve.system.Session@eb96a4; ]'),(949,'u12019837','2014-09-26 12:15:58',' [ Method = loadPendingEndorsedApplications ] [ Parameters: com.softserve.system.Session@1b1878d; 0; 2147483647; ]'),(950,'u12019837','2014-09-26 12:15:59',' [ Method = loadPendingEligibleApplications ] [ Parameters: com.softserve.system.Session@18f2bc; 0; 2147483647; ]'),(951,'u12019837','2014-09-26 12:15:59',' [ Method = loadFundedApplications ] [ Parameters: com.softserve.system.Session@1d8e31d; 0; 2147483647; ]'),(952,'u12019837','2014-09-26 12:15:59',' [ Method = getAllActiveMeetingsForWhichUserIsToAttend ] [ Parameters: com.softserve.system.Session@11bdb6a; ]'),(953,'u12019837','2014-09-26 12:15:59',' [ Method = allApplicationsWithPendingReportsForUser ] [ Parameters: com.softserve.system.Session@139a956; ]'),(954,'u12019837','2014-09-26 12:15:59',' [ Method = getRenewableApplicationsForFellow ] [ Parameters: com.softserve.system.Session@4f97f9; com.softserve.DBEntities.Person[ systemID=u12019837 ]; ]'),(955,'u12019837','2014-09-26 12:15:59',' [ Method = loadAllPendingOnDemandAccounts ] [ Parameters: com.softserve.system.Session@10116e3; ]'),(956,'u12019837','2014-09-26 12:16:07',' [ Method = getAllActiveMeetingsForWhichUserIsToAttend ] [ Parameters: com.softserve.system.Session@16ec744; ]'),(957,'u12019837','2014-09-26 12:16:07',' [ Method = allApplicationsWithPendingReportsForUser ] [ Parameters: com.softserve.system.Session@16062c6; ]'),(958,'u12019837','2014-09-26 12:16:07',' [ Method = getRenewableApplicationsForFellow ] [ Parameters: com.softserve.system.Session@516dfe; com.softserve.DBEntities.Person[ systemID=u12019837 ]; ]'),(959,'u12019837','2014-09-26 12:16:07',' [ Method = loadAllPendingOnDemandAccounts ] [ Parameters: com.softserve.system.Session@517e81; ]'),(960,'u12019837','2014-09-26 12:16:12',' [ Method = getAllActiveMeetingsForWhichUserIsToAttend ] [ Parameters: com.softserve.system.Session@1823bee; ]'),(961,'u12019837','2014-09-26 12:16:12',' [ Method = allApplicationsWithPendingReportsForUser ] [ Parameters: com.softserve.system.Session@1a73d8e; ]'),(962,'u12019837','2014-09-26 12:16:12',' [ Method = getRenewableApplicationsForFellow ] [ Parameters: com.softserve.system.Session@651a4a; com.softserve.DBEntities.Person[ systemID=u12019837 ]; ]'),(963,'u12019837','2014-09-26 12:16:12',' [ Method = loadAllPendingOnDemandAccounts ] [ Parameters: com.softserve.system.Session@1f4ede9; ]'),(964,'u12019837','2014-09-26 12:25:40',' [ Method = login ] [ Parameters: com.softserve.system.Session@6540fe; ]'),(965,'u12019837','2014-09-26 12:25:40',' [ Method = getAllActiveMeetingsForWhichUserIsToAttend ] [ Parameters: com.softserve.system.Session@1e25b17; ]'),(966,'u12019837','2014-09-26 12:25:40',' [ Method = allApplicationsWithPendingReportsForUser ] [ Parameters: com.softserve.system.Session@19c8cd9; ]'),(967,'u12019837','2014-09-26 12:25:40',' [ Method = getRenewableApplicationsForFellow ] [ Parameters: com.softserve.system.Session@98a76e; com.softserve.DBEntities.Person[ systemID=u12019837 ]; ]'),(968,'u12019837','2014-09-26 12:25:40',' [ Method = loadAllPendingOnDemandAccounts ] [ Parameters: com.softserve.system.Session@e3cf96; ]'),(969,'u12019837','2014-09-26 12:27:32',' [ Method = login ] [ Parameters: com.softserve.system.Session@104a196; ]'),(970,'u12019837','2014-09-26 12:27:32',' [ Method = getAllActiveMeetingsForWhichUserIsToAttend ] [ Parameters: com.softserve.system.Session@155dea2; ]'),(971,'u12019837','2014-09-26 12:27:32',' [ Method = allApplicationsWithPendingReportsForUser ] [ Parameters: com.softserve.system.Session@13dbea9; ]'),(972,'u12019837','2014-09-26 12:27:32',' [ Method = getRenewableApplicationsForFellow ] [ Parameters: com.softserve.system.Session@142ad52; com.softserve.DBEntities.Person[ systemID=u12019837 ]; ]'),(973,'u12019837','2014-09-26 12:27:32',' [ Method = loadAllPendingOnDemandAccounts ] [ Parameters: com.softserve.system.Session@1ad64f1; ]'),(974,'u12019837','2014-09-26 12:27:34',' [ Method = getAllActiveMeetingsForWhichUserIsToAttend ] [ Parameters: com.softserve.system.Session@160483a; ]'),(975,'u12019837','2014-09-26 12:27:34',' [ Method = allApplicationsWithPendingReportsForUser ] [ Parameters: com.softserve.system.Session@1a7c6f0; ]'),(976,'u12019837','2014-09-26 12:27:34',' [ Method = getRenewableApplicationsForFellow ] [ Parameters: com.softserve.system.Session@1dad240; com.softserve.DBEntities.Person[ systemID=u12019837 ]; ]'),(977,'u12019837','2014-09-26 12:27:34',' [ Method = loadAllPendingOnDemandAccounts ] [ Parameters: com.softserve.system.Session@1c8bd6d; ]'),(978,'u12019837','2014-09-26 12:27:38',' [ Method = loadPendingEndorsedApplications ] [ Parameters: com.softserve.system.Session@745591; 0; 2147483647; ]'),(979,'u12019837','2014-09-26 12:27:38',' [ Method = loadPendingEligibleApplications ] [ Parameters: com.softserve.system.Session@1fa9d95; 0; 2147483647; ]'),(980,'u12019837','2014-09-26 12:27:38',' [ Method = loadFundedApplications ] [ Parameters: com.softserve.system.Session@8cdef4; 0; 2147483647; ]'),(981,'u12019837','2014-09-26 12:27:38',' [ Method = getAllActiveMeetingsForWhichUserIsToAttend ] [ Parameters: com.softserve.system.Session@1aa588f; ]'),(982,'u12019837','2014-09-26 12:27:38',' [ Method = allApplicationsWithPendingReportsForUser ] [ Parameters: com.softserve.system.Session@1e51d60; ]'),(983,'u12019837','2014-09-26 12:27:38',' [ Method = getRenewableApplicationsForFellow ] [ Parameters: com.softserve.system.Session@a3b4db; com.softserve.DBEntities.Person[ systemID=u12019837 ]; ]'),(984,'u12019837','2014-09-26 12:27:38',' [ Method = loadAllPendingOnDemandAccounts ] [ Parameters: com.softserve.system.Session@e8c575; ]'),(985,'u12019837','2014-09-26 12:27:43',' [ Method = getAllActiveMeetingsForWhichUserIsToAttend ] [ Parameters: com.softserve.system.Session@1f4a150; ]'),(986,'u12019837','2014-09-26 12:27:43',' [ Method = allApplicationsWithPendingReportsForUser ] [ Parameters: com.softserve.system.Session@54a0ab; ]'),(987,'u12019837','2014-09-26 12:27:44',' [ Method = getRenewableApplicationsForFellow ] [ Parameters: com.softserve.system.Session@109e0b7; com.softserve.DBEntities.Person[ systemID=u12019837 ]; ]'),(988,'u12019837','2014-09-26 12:27:44',' [ Method = loadAllPendingOnDemandAccounts ] [ Parameters: com.softserve.system.Session@15a117f; ]'),(989,'u12019837','2014-09-26 12:27:50',' [ Method = getAllActiveMeetingsForWhichUserIsToAttend ] [ Parameters: com.softserve.system.Session@7a3b9b; ]'),(990,'u12019837','2014-09-26 12:27:50',' [ Method = allApplicationsWithPendingReportsForUser ] [ Parameters: com.softserve.system.Session@8d947; ]'),(991,'u12019837','2014-09-26 12:27:50',' [ Method = getRenewableApplicationsForFellow ] [ Parameters: com.softserve.system.Session@1dff51e; com.softserve.DBEntities.Person[ systemID=u12019837 ]; ]'),(992,'u12019837','2014-09-26 12:27:50',' [ Method = loadAllPendingOnDemandAccounts ] [ Parameters: com.softserve.system.Session@a7a6e7; ]'),(993,'u12019837','2014-09-26 12:27:50',' [ Method = getAllActiveMeetingsForWhichUserIsToAttend ] [ Parameters: com.softserve.system.Session@f9e612; ]'),(994,'u12019837','2014-09-26 12:27:50',' [ Method = allApplicationsWithPendingReportsForUser ] [ Parameters: com.softserve.system.Session@1ec1c36; ]'),(995,'u12019837','2014-09-26 12:27:50',' [ Method = getRenewableApplicationsForFellow ] [ Parameters: com.softserve.system.Session@e59049; com.softserve.DBEntities.Person[ systemID=u12019837 ]; ]'),(996,'u12019837','2014-09-26 12:27:50',' [ Method = loadAllPendingOnDemandAccounts ] [ Parameters: com.softserve.system.Session@e90f6f; ]'),(997,'u12019837','2014-09-26 12:28:40',' [ Method = getAllActiveMeetingsForWhichUserIsToAttend ] [ Parameters: com.softserve.system.Session@b3c679; ]'),(998,'u12019837','2014-09-26 12:28:40',' [ Method = allApplicationsWithPendingReportsForUser ] [ Parameters: com.softserve.system.Session@98c85b; ]'),(999,'u12019837','2014-09-26 12:28:40',' [ Method = getRenewableApplicationsForFellow ] [ Parameters: com.softserve.system.Session@1d9f554; com.softserve.DBEntities.Person[ systemID=u12019837 ]; ]'),(1000,'u12019837','2014-09-26 12:28:40',' [ Method = loadAllPendingOnDemandAccounts ] [ Parameters: com.softserve.system.Session@6b6a91; ]'),(1001,'u12019837','2014-09-26 12:28:43',' [ Method = getAllActiveMeetingsForWhichUserIsToAttend ] [ Parameters: com.softserve.system.Session@1f18921; ]'),(1002,'u12019837','2014-09-26 12:28:43',' [ Method = allApplicationsWithPendingReportsForUser ] [ Parameters: com.softserve.system.Session@165502c; ]'),(1003,'u12019837','2014-09-26 12:28:44',' [ Method = getRenewableApplicationsForFellow ] [ Parameters: com.softserve.system.Session@153a837; com.softserve.DBEntities.Person[ systemID=u12019837 ]; ]'),(1004,'u12019837','2014-09-26 12:28:44',' [ Method = loadAllPendingOnDemandAccounts ] [ Parameters: com.softserve.system.Session@d7ec7; ]'),(1005,'u12019837','2014-09-26 12:29:08',' [ Method = getAllActiveMeetingsForWhichUserIsToAttend ] [ Parameters: com.softserve.system.Session@9ce342; ]'),(1006,'u12019837','2014-09-26 12:29:08',' [ Method = allApplicationsWithPendingReportsForUser ] [ Parameters: com.softserve.system.Session@d46baf; ]'),(1007,'u12019837','2014-09-26 12:29:08',' [ Method = getRenewableApplicationsForFellow ] [ Parameters: com.softserve.system.Session@1a4dfb6; com.softserve.DBEntities.Person[ systemID=u12019837 ]; ]'),(1008,'u12019837','2014-09-26 12:29:08',' [ Method = loadAllPendingOnDemandAccounts ] [ Parameters: com.softserve.system.Session@147257f; ]'),(1009,'u12019837','2014-09-26 12:29:08',' [ Method = getAllActiveMeetingsForWhichUserIsToAttend ] [ Parameters: com.softserve.system.Session@3eac; ]'),(1010,'u12019837','2014-09-26 12:29:08',' [ Method = allApplicationsWithPendingReportsForUser ] [ Parameters: com.softserve.system.Session@58970e; ]'),(1011,'u12019837','2014-09-26 12:29:08',' [ Method = getRenewableApplicationsForFellow ] [ Parameters: com.softserve.system.Session@1d1f88d; com.softserve.DBEntities.Person[ systemID=u12019837 ]; ]'),(1012,'u12019837','2014-09-26 12:29:09',' [ Method = loadAllPendingOnDemandAccounts ] [ Parameters: com.softserve.system.Session@a99406; ]'),(1013,'u12019837','2014-09-26 12:30:24',' [ Method = getAllActiveMeetingsForWhichUserIsToAttend ] [ Parameters: com.softserve.system.Session@14ec5e4; ]'),(1014,'u12019837','2014-09-26 12:30:24',' [ Method = allApplicationsWithPendingReportsForUser ] [ Parameters: com.softserve.system.Session@10cbc75; ]'),(1015,'u12019837','2014-09-26 12:30:24',' [ Method = getRenewableApplicationsForFellow ] [ Parameters: com.softserve.system.Session@18efbe1; com.softserve.DBEntities.Person[ systemID=u12019837 ]; ]'),(1016,'u12019837','2014-09-26 12:30:24',' [ Method = loadAllPendingOnDemandAccounts ] [ Parameters: com.softserve.system.Session@1b45cc1; ]'),(1017,'u12019837','2014-09-26 12:30:24',' [ Method = getAllActiveMeetingsForWhichUserIsToAttend ] [ Parameters: com.softserve.system.Session@1bebbf4; ]'),(1018,'u12019837','2014-09-26 12:30:24',' [ Method = allApplicationsWithPendingReportsForUser ] [ Parameters: com.softserve.system.Session@c5430a; ]'),(1019,'u12019837','2014-09-26 12:30:24',' [ Method = getRenewableApplicationsForFellow ] [ Parameters: com.softserve.system.Session@6b3d63; com.softserve.DBEntities.Person[ systemID=u12019837 ]; ]'),(1020,'u12019837','2014-09-26 12:30:24',' [ Method = loadAllPendingOnDemandAccounts ] [ Parameters: com.softserve.system.Session@b532a1; ]'),(1021,'u12019837','2014-09-26 12:31:31',' [ Method = login ] [ Parameters: com.softserve.system.Session@e1841b; ]'),(1022,'u12019837','2014-09-26 12:31:31',' [ Method = getAllActiveMeetingsForWhichUserIsToAttend ] [ Parameters: com.softserve.system.Session@90dc06; ]'),(1023,'u12019837','2014-09-26 12:31:31',' [ Method = allApplicationsWithPendingReportsForUser ] [ Parameters: com.softserve.system.Session@1124356; ]'),(1024,'u12019837','2014-09-26 12:31:31',' [ Method = getRenewableApplicationsForFellow ] [ Parameters: com.softserve.system.Session@1513ec5; com.softserve.DBEntities.Person[ systemID=u12019837 ]; ]'),(1025,'u12019837','2014-09-26 12:31:31',' [ Method = loadAllPendingOnDemandAccounts ] [ Parameters: com.softserve.system.Session@ce0cc2; ]'),(1026,'u12019837','2014-09-26 12:31:34',' [ Method = getAllActiveMeetingsForWhichUserIsToAttend ] [ Parameters: com.softserve.system.Session@11837c6; ]'),(1027,'u12019837','2014-09-26 12:31:35',' [ Method = allApplicationsWithPendingReportsForUser ] [ Parameters: com.softserve.system.Session@59732; ]'),(1028,'u12019837','2014-09-26 12:31:35',' [ Method = getRenewableApplicationsForFellow ] [ Parameters: com.softserve.system.Session@1a61908; com.softserve.DBEntities.Person[ systemID=u12019837 ]; ]'),(1029,'u12019837','2014-09-26 12:31:35',' [ Method = loadAllPendingOnDemandAccounts ] [ Parameters: com.softserve.system.Session@7d7ab4; ]'),(1030,'u12019837','2014-09-26 12:31:38',' [ Method = loadPendingEndorsedApplications ] [ Parameters: com.softserve.system.Session@1ea944e; 0; 2147483647; ]'),(1031,'u12019837','2014-09-26 12:31:38',' [ Method = loadPendingEligibleApplications ] [ Parameters: com.softserve.system.Session@a29712; 0; 2147483647; ]'),(1032,'u12019837','2014-09-26 12:31:38',' [ Method = loadFundedApplications ] [ Parameters: com.softserve.system.Session@621a3; 0; 2147483647; ]'),(1033,'u12019837','2014-09-26 12:31:38',' [ Method = getAllActiveMeetingsForWhichUserIsToAttend ] [ Parameters: com.softserve.system.Session@1cc3834; ]'),(1034,'u12019837','2014-09-26 12:31:38',' [ Method = allApplicationsWithPendingReportsForUser ] [ Parameters: com.softserve.system.Session@44c42a; ]'),(1035,'u12019837','2014-09-26 12:31:38',' [ Method = getRenewableApplicationsForFellow ] [ Parameters: com.softserve.system.Session@8cb403; com.softserve.DBEntities.Person[ systemID=u12019837 ]; ]'),(1036,'u12019837','2014-09-26 12:31:38',' [ Method = loadAllPendingOnDemandAccounts ] [ Parameters: com.softserve.system.Session@415233; ]'),(1037,'u12019837','2014-09-26 12:31:42',' [ Method = getAllActiveMeetingsForWhichUserIsToAttend ] [ Parameters: com.softserve.system.Session@11a9f1f; ]'),(1038,'u12019837','2014-09-26 12:31:43',' [ Method = allApplicationsWithPendingReportsForUser ] [ Parameters: com.softserve.system.Session@148ae52; ]'),(1039,'u12019837','2014-09-26 12:31:43',' [ Method = getRenewableApplicationsForFellow ] [ Parameters: com.softserve.system.Session@bb2fd0; com.softserve.DBEntities.Person[ systemID=u12019837 ]; ]'),(1040,'u12019837','2014-09-26 12:31:43',' [ Method = loadAllPendingOnDemandAccounts ] [ Parameters: com.softserve.system.Session@1a487d1; ]'),(1041,'u12019837','2014-09-26 12:31:52',' [ Method = getAllActiveMeetingsForWhichUserIsToAttend ] [ Parameters: com.softserve.system.Session@70c2e9; ]'),(1042,'u12019837','2014-09-26 12:31:52',' [ Method = allApplicationsWithPendingReportsForUser ] [ Parameters: com.softserve.system.Session@12fb5c8; ]'),(1043,'u12019837','2014-09-26 12:31:53',' [ Method = getRenewableApplicationsForFellow ] [ Parameters: com.softserve.system.Session@97d703; com.softserve.DBEntities.Person[ systemID=u12019837 ]; ]'),(1044,'u12019837','2014-09-26 12:31:53',' [ Method = loadAllPendingOnDemandAccounts ] [ Parameters: com.softserve.system.Session@15ecf88; ]'),(1045,'u12019837','2014-09-26 12:31:53',' [ Method = getAllActiveMeetingsForWhichUserIsToAttend ] [ Parameters: com.softserve.system.Session@110e208; ]'),(1046,'u12019837','2014-09-26 12:31:53',' [ Method = allApplicationsWithPendingReportsForUser ] [ Parameters: com.softserve.system.Session@1ded15; ]'),(1047,'u12019837','2014-09-26 12:31:53',' [ Method = getRenewableApplicationsForFellow ] [ Parameters: com.softserve.system.Session@78485e; com.softserve.DBEntities.Person[ systemID=u12019837 ]; ]'),(1048,'u12019837','2014-09-26 12:31:53',' [ Method = loadAllPendingOnDemandAccounts ] [ Parameters: com.softserve.system.Session@15e40dc; ]'),(1049,'u12019837','2014-09-26 12:32:45',' [ Method = getAllActiveMeetingsForWhichUserIsToAttend ] [ Parameters: com.softserve.system.Session@191bfa3; ]'),(1050,'u12019837','2014-09-26 12:32:45',' [ Method = allApplicationsWithPendingReportsForUser ] [ Parameters: com.softserve.system.Session@150b883; ]'),(1051,'u12019837','2014-09-26 12:32:45',' [ Method = getRenewableApplicationsForFellow ] [ Parameters: com.softserve.system.Session@1e59342; com.softserve.DBEntities.Person[ systemID=u12019837 ]; ]'),(1052,'u12019837','2014-09-26 12:32:45',' [ Method = loadAllPendingOnDemandAccounts ] [ Parameters: com.softserve.system.Session@30680f; ]'),(1053,'u12019837','2014-09-26 12:32:48',' [ Method = getAllActiveMeetingsForWhichUserIsToAttend ] [ Parameters: com.softserve.system.Session@1f3948c; ]'),(1054,'u12019837','2014-09-26 12:32:48',' [ Method = allApplicationsWithPendingReportsForUser ] [ Parameters: com.softserve.system.Session@562ac2; ]'),(1055,'u12019837','2014-09-26 12:32:48',' [ Method = getRenewableApplicationsForFellow ] [ Parameters: com.softserve.system.Session@10fef5e; com.softserve.DBEntities.Person[ systemID=u12019837 ]; ]'),(1056,'u12019837','2014-09-26 12:32:48',' [ Method = loadAllPendingOnDemandAccounts ] [ Parameters: com.softserve.system.Session@b16cad; ]'),(1057,'u12019837','2014-09-26 12:33:13',' [ Method = getAllActiveMeetingsForWhichUserIsToAttend ] [ Parameters: com.softserve.system.Session@1ce4fb0; ]'),(1058,'u12019837','2014-09-26 12:33:13',' [ Method = allApplicationsWithPendingReportsForUser ] [ Parameters: com.softserve.system.Session@12d9a59; ]'),(1059,'u12019837','2014-09-26 12:33:13',' [ Method = getRenewableApplicationsForFellow ] [ Parameters: com.softserve.system.Session@8a0f02; com.softserve.DBEntities.Person[ systemID=u12019837 ]; ]'),(1060,'u12019837','2014-09-26 12:33:14',' [ Method = loadAllPendingOnDemandAccounts ] [ Parameters: com.softserve.system.Session@e21c9; ]'),(1061,'u12019837','2014-09-26 12:35:11',' [ Method = approveFunding ] [ Parameters: com.softserve.system.Session@703fe; com.softserve.DBEntities.Application[ applicationID=7 ]; com.softserve.DBEntities.ResearchFellowInformation[ systemAssignedID=f14000007 ]; com.softserve.DBEntities.FundingReport[ reportID=7 ]; ; com.softserve.DBEntities.Notification[ notificationID=null ]; com.softserve.DBEntities.Notification[ notificationID=null ]; ] [ Exception = com.softserve.DBDAO.exceptions.RollbackFailureException: An error occurred attempting '),(1062,'u12019837','2014-09-26 12:35:14',' [ Method = getAllActiveMeetingsForWhichUserIsToAttend ] [ Parameters: com.softserve.system.Session@1a59473; ]'),(1063,'u12019837','2014-09-26 12:35:14',' [ Method = allApplicationsWithPendingReportsForUser ] [ Parameters: com.softserve.system.Session@66ae0e; ]'),(1064,'u12019837','2014-09-26 12:35:14',' [ Method = getRenewableApplicationsForFellow ] [ Parameters: com.softserve.system.Session@19739a4; com.softserve.DBEntities.Person[ systemID=u12019837 ]; ]'),(1065,'u12019837','2014-09-26 12:35:15',' [ Method = loadAllPendingOnDemandAccounts ] [ Parameters: com.softserve.system.Session@1c8aa0d; ]'),(1066,'u12019837','2014-09-26 12:36:03',' [ Method = approveFunding ] [ Parameters: com.softserve.system.Session@9c694; com.softserve.DBEntities.Application[ applicationID=7 ]; com.softserve.DBEntities.ResearchFellowInformation[ systemAssignedID=f14000007 ]; com.softserve.DBEntities.FundingReport[ reportID=7 ]; ; com.softserve.DBEntities.Notification[ notificationID=null ]; com.softserve.DBEntities.Notification[ notificationID=null ]; ]'),(1067,'u12019837','2014-09-26 12:36:03',' [ Method = loadPendingEndorsedApplications ] [ Parameters: com.softserve.system.Session@1a55526; 0; 2147483647; ]'),(1068,'u12019837','2014-09-26 12:36:03',' [ Method = loadPendingEligibleApplications ] [ Parameters: com.softserve.system.Session@fca2f1; 0; 2147483647; ]'),(1069,'u12019837','2014-09-26 12:36:03',' [ Method = loadFundedApplications ] [ Parameters: com.softserve.system.Session@1fa94ed; 0; 2147483647; ]'),(1070,'u12019837','2014-09-26 12:36:03',' [ Method = getAllActiveMeetingsForWhichUserIsToAttend ] [ Parameters: com.softserve.system.Session@1b580c; ]'),(1071,'u12019837','2014-09-26 12:36:03',' [ Method = allApplicationsWithPendingReportsForUser ] [ Parameters: com.softserve.system.Session@7cb154; ]'),(1072,'u12019837','2014-09-26 12:36:03',' [ Method = getRenewableApplicationsForFellow ] [ Parameters: com.softserve.system.Session@1153157; com.softserve.DBEntities.Person[ systemID=u12019837 ]; ]'),(1073,'u12019837','2014-09-26 12:36:04',' [ Method = loadAllPendingOnDemandAccounts ] [ Parameters: com.softserve.system.Session@aa91ed; ]'),(1074,'u12019837','2014-09-26 12:39:07',' [ Method = getAllActiveMeetingsForWhichUserIsToAttend ] [ Parameters: com.softserve.system.Session@c59fb3; ]'),(1075,'u12019837','2014-09-26 12:39:07',' [ Method = allApplicationsWithPendingReportsForUser ] [ Parameters: com.softserve.system.Session@7e65f2; ]'),(1076,'u12019837','2014-09-26 12:39:07',' [ Method = getRenewableApplicationsForFellow ] [ Parameters: com.softserve.system.Session@944c4d; com.softserve.DBEntities.Person[ systemID=u12019837 ]; ]'),(1077,'u12019837','2014-09-26 12:39:07',' [ Method = loadAllPendingOnDemandAccounts ] [ Parameters: com.softserve.system.Session@1623243; ]'),(1078,'u12019837','2014-09-26 12:39:15',' [ Method = getAllActiveMeetingsForWhichUserIsToAttend ] [ Parameters: com.softserve.system.Session@453d2a; ]'),(1079,'u12019837','2014-09-26 12:39:15',' [ Method = allApplicationsWithPendingReportsForUser ] [ Parameters: com.softserve.system.Session@1efff15; ]'),(1080,'u12019837','2014-09-26 12:39:15',' [ Method = getRenewableApplicationsForFellow ] [ Parameters: com.softserve.system.Session@c3d98f; com.softserve.DBEntities.Person[ systemID=u12019837 ]; ]'),(1081,'u12019837','2014-09-26 12:39:15',' [ Method = loadAllPendingOnDemandAccounts ] [ Parameters: com.softserve.system.Session@fcd6b5; ]'),(1082,'u12019837','2014-09-26 12:41:25',' [ Method = getAllActiveMeetingsForWhichUserIsToAttend ] [ Parameters: com.softserve.system.Session@f6dbce; ]'),(1083,'u12019837','2014-09-26 12:41:25',' [ Method = allApplicationsWithPendingReportsForUser ] [ Parameters: com.softserve.system.Session@40b690; ]'),(1084,'u12019837','2014-09-26 12:41:25',' [ Method = getRenewableApplicationsForFellow ] [ Parameters: com.softserve.system.Session@17100d9; com.softserve.DBEntities.Person[ systemID=u12019837 ]; ]'),(1085,'u12019837','2014-09-26 12:41:25',' [ Method = loadAllPendingOnDemandAccounts ] [ Parameters: com.softserve.system.Session@12f0eea; ]'),(1086,'u12019837','2014-09-26 12:41:25',' [ Method = viewAllUserAccounts ] [ Parameters: com.softserve.system.Session@a65ee5; ]'),(1087,'u12019837','2014-09-26 12:41:27',' [ Method = getAllActiveMeetingsForWhichUserIsToAttend ] [ Parameters: com.softserve.system.Session@99bde6; ]'),(1088,'u12019837','2014-09-26 12:41:27',' [ Method = allApplicationsWithPendingReportsForUser ] [ Parameters: com.softserve.system.Session@d93ffa; ]'),(1089,'u12019837','2014-09-26 12:41:27',' [ Method = getRenewableApplicationsForFellow ] [ Parameters: com.softserve.system.Session@3710af; com.softserve.DBEntities.Person[ systemID=u12019837 ]; ]'),(1090,'u12019837','2014-09-26 12:41:27',' [ Method = loadAllPendingOnDemandAccounts ] [ Parameters: com.softserve.system.Session@c97ef0; ]'),(1091,'u12019837','2014-09-26 12:42:14',' [ Method = getAllActiveMeetingsForWhichUserIsToAttend ] [ Parameters: com.softserve.system.Session@1dccd7c; ]'),(1092,'u12019837','2014-09-26 12:42:15',' [ Method = allApplicationsWithPendingReportsForUser ] [ Parameters: com.softserve.system.Session@1ccd6d7; ]'),(1093,'u12019837','2014-09-26 12:42:15',' [ Method = getRenewableApplicationsForFellow ] [ Parameters: com.softserve.system.Session@152526e; com.softserve.DBEntities.Person[ systemID=u12019837 ]; ]'),(1094,'u12019837','2014-09-26 12:42:15',' [ Method = loadAllPendingOnDemandAccounts ] [ Parameters: com.softserve.system.Session@144b78f; ]'),(1095,'u12019837','2014-09-26 12:43:16',' [ Method = getAllActiveMeetingsForWhichUserIsToAttend ] [ Parameters: com.softserve.system.Session@c72dc1; ]'),(1096,'u12019837','2014-09-26 12:43:16',' [ Method = allApplicationsWithPendingReportsForUser ] [ Parameters: com.softserve.system.Session@11f6909; ]'),(1097,'u12019837','2014-09-26 12:43:17',' [ Method = getRenewableApplicationsForFellow ] [ Parameters: com.softserve.system.Session@1ee3e53; com.softserve.DBEntities.Person[ systemID=u12019837 ]; ]'),(1098,'u12019837','2014-09-26 12:43:17',' [ Method = loadAllPendingOnDemandAccounts ] [ Parameters: com.softserve.system.Session@f0582d; ]'),(1099,'u12019837','2014-09-26 12:44:11',' [ Method = getAllActiveMeetingsForWhichUserIsToAttend ] [ Parameters: com.softserve.system.Session@a3d206; ]'),(1100,'u12019837','2014-09-26 12:44:11',' [ Method = allApplicationsWithPendingReportsForUser ] [ Parameters: com.softserve.system.Session@68da5a; ]'),(1101,'u12019837','2014-09-26 12:44:11',' [ Method = getRenewableApplicationsForFellow ] [ Parameters: com.softserve.system.Session@86008e; com.softserve.DBEntities.Person[ systemID=u12019837 ]; ]'),(1102,'u12019837','2014-09-26 12:44:11',' [ Method = loadAllPendingOnDemandAccounts ] [ Parameters: com.softserve.system.Session@1ec003; ]'),(1103,'u12019837','2014-09-26 12:45:14',' [ Method = logout ] [ Parameters: com.softserve.system.Session@10dc592; ]'),(1104,'u12019837','2014-09-26 12:48:49',' [ Method = login ] [ Parameters: com.softserve.system.Session@1c3c1a5; ]'),(1105,'u12019837','2014-09-26 12:48:49',' [ Method = getAllActiveMeetingsForWhichUserIsToAttend ] [ Parameters: com.softserve.system.Session@429f6; ]'),(1106,'u12019837','2014-09-26 12:48:49',' [ Method = allApplicationsWithPendingReportsForUser ] [ Parameters: com.softserve.system.Session@19a8d81; ]'),(1107,'u12019837','2014-09-26 12:48:49',' [ Method = getRenewableApplicationsForFellow ] [ Parameters: com.softserve.system.Session@1dd16e4; com.softserve.DBEntities.Person[ systemID=u12019837 ]; ]'),(1108,'u12019837','2014-09-26 12:48:49',' [ Method = loadAllPendingOnDemandAccounts ] [ Parameters: com.softserve.system.Session@7cf29d; ]'),(1109,'u12019837','2014-09-26 12:48:52',' [ Method = getAllActiveMeetingsForWhichUserIsToAttend ] [ Parameters: com.softserve.system.Session@43f771; ]'),(1110,'u12019837','2014-09-26 12:48:52',' [ Method = allApplicationsWithPendingReportsForUser ] [ Parameters: com.softserve.system.Session@1532b4a; ]'),(1111,'u12019837','2014-09-26 12:48:52',' [ Method = getRenewableApplicationsForFellow ] [ Parameters: com.softserve.system.Session@18cd3bd; com.softserve.DBEntities.Person[ systemID=u12019837 ]; ]'),(1112,'u12019837','2014-09-26 12:48:52',' [ Method = loadAllPendingOnDemandAccounts ] [ Parameters: com.softserve.system.Session@1445f37; ]'),(1113,'u12019837','2014-09-26 12:48:52',' [ Method = viewAllUserAccounts ] [ Parameters: com.softserve.system.Session@13558d7; ]'),(1114,'u12019837','2014-09-26 12:48:55',' [ Method = getAllActiveMeetingsForWhichUserIsToAttend ] [ Parameters: com.softserve.system.Session@1c7bff2; ]'),(1115,'u12019837','2014-09-26 12:48:55',' [ Method = allApplicationsWithPendingReportsForUser ] [ Parameters: com.softserve.system.Session@5f6331; ]'),(1116,'u12019837','2014-09-26 12:48:55',' [ Method = getRenewableApplicationsForFellow ] [ Parameters: com.softserve.system.Session@1285dc6; com.softserve.DBEntities.Person[ systemID=u12019837 ]; ]'),(1117,'u12019837','2014-09-26 12:48:55',' [ Method = loadAllPendingOnDemandAccounts ] [ Parameters: com.softserve.system.Session@13eea18; ]'),(1118,'u12019837','2014-09-26 12:49:37',' [ Method = getAllActiveMeetingsForWhichUserIsToAttend ] [ Parameters: com.softserve.system.Session@e843c2; ]'),(1119,'u12019837','2014-09-26 12:49:37',' [ Method = allApplicationsWithPendingReportsForUser ] [ Parameters: com.softserve.system.Session@2624da; ]'),(1120,'u12019837','2014-09-26 12:49:37',' [ Method = getRenewableApplicationsForFellow ] [ Parameters: com.softserve.system.Session@e4ff93; com.softserve.DBEntities.Person[ systemID=u12019837 ]; ]'),(1121,'u12019837','2014-09-26 12:49:37',' [ Method = loadAllPendingOnDemandAccounts ] [ Parameters: com.softserve.system.Session@c6bae5; ]'),(1122,'u12019837','2014-09-26 12:53:13',' [ Method = getAllActiveMeetingsForWhichUserIsToAttend ] [ Parameters: com.softserve.system.Session@197dcc; ]'),(1123,'u12019837','2014-09-26 12:53:13',' [ Method = allApplicationsWithPendingReportsForUser ] [ Parameters: com.softserve.system.Session@1b5bbe9; ]'),(1124,'u12019837','2014-09-26 12:53:13',' [ Method = getRenewableApplicationsForFellow ] [ Parameters: com.softserve.system.Session@14ac463; com.softserve.DBEntities.Person[ systemID=u12019837 ]; ]'),(1125,'u12019837','2014-09-26 12:53:13',' [ Method = loadAllPendingOnDemandAccounts ] [ Parameters: com.softserve.system.Session@afe82d; ]'),(1126,'u12019837','2014-09-26 12:53:39','Created new user account'),(1127,'u12019837','2014-09-26 12:53:39',' [ Method = getAllActiveMeetingsForWhichUserIsToAttend ] [ Parameters: com.softserve.system.Session@1afb7c0; ]'),(1128,'u12019837','2014-09-26 12:53:39',' [ Method = allApplicationsWithPendingReportsForUser ] [ Parameters: com.softserve.system.Session@9cd1c9; ]'),(1129,'u12019837','2014-09-26 12:53:39',' [ Method = getRenewableApplicationsForFellow ] [ Parameters: com.softserve.system.Session@1a76403; com.softserve.DBEntities.Person[ systemID=u12019837 ]; ]'),(1130,'u12019837','2014-09-26 12:53:39',' [ Method = loadAllPendingOnDemandAccounts ] [ Parameters: com.softserve.system.Session@1bff7ee; ]'),(1131,'u12019837','2014-09-26 12:53:40',' [ Method = viewAllUserAccounts ] [ Parameters: com.softserve.system.Session@1f919ac; ]'),(1132,'u12019837','2014-09-26 12:53:44',' [ Method = getAllActiveMeetingsForWhichUserIsToAttend ] [ Parameters: com.softserve.system.Session@1794a27; ]'),(1133,'u12019837','2014-09-26 12:53:44',' [ Method = allApplicationsWithPendingReportsForUser ] [ Parameters: com.softserve.system.Session@1cb05d6; ]'),(1134,'u12019837','2014-09-26 12:53:44',' [ Method = getRenewableApplicationsForFellow ] [ Parameters: com.softserve.system.Session@1b1dc65; com.softserve.DBEntities.Person[ systemID=u12019837 ]; ]'),(1135,'u12019837','2014-09-26 12:53:44',' [ Method = loadAllPendingOnDemandAccounts ] [ Parameters: com.softserve.system.Session@fd64f4; ]'),(1136,'u12019837','2014-09-26 12:57:05',' [ Method = getAllActiveMeetingsForWhichUserIsToAttend ] [ Parameters: com.softserve.system.Session@190104; ]'),(1137,'u12019837','2014-09-26 12:57:05',' [ Method = allApplicationsWithPendingReportsForUser ] [ Parameters: com.softserve.system.Session@11fba20; ]'),(1138,'u12019837','2014-09-26 12:57:05',' [ Method = getRenewableApplicationsForFellow ] [ Parameters: com.softserve.system.Session@1f6d141; com.softserve.DBEntities.Person[ systemID=u12019837 ]; ]'),(1139,'u12019837','2014-09-26 12:57:05',' [ Method = loadAllPendingOnDemandAccounts ] [ Parameters: com.softserve.system.Session@4bb3d7; ]'),(1140,'u12019837','2014-09-26 12:59:11',' [ Method = getAllActiveMeetingsForWhichUserIsToAttend ] [ Parameters: com.softserve.system.Session@f69c46; ]'),(1141,'u12019837','2014-09-26 12:59:11',' [ Method = allApplicationsWithPendingReportsForUser ] [ Parameters: com.softserve.system.Session@5f0611; ]'),(1142,'u12019837','2014-09-26 12:59:11',' [ Method = getRenewableApplicationsForFellow ] [ Parameters: com.softserve.system.Session@1a7d420; com.softserve.DBEntities.Person[ systemID=u12019837 ]; ]'),(1143,'u12019837','2014-09-26 12:59:11',' [ Method = loadAllPendingOnDemandAccounts ] [ Parameters: com.softserve.system.Session@37e8a; ]'),(1144,'u12019837','2014-09-26 12:59:11',' [ Method = getAllActiveMeetingsForWhichUserIsToAttend ] [ Parameters: com.softserve.system.Session@1062383; ]'),(1145,'u12019837','2014-09-26 12:59:11',' [ Method = allApplicationsWithPendingReportsForUser ] [ Parameters: com.softserve.system.Session@431b4b; ]'),(1146,'u12019837','2014-09-26 12:59:11',' [ Method = getRenewableApplicationsForFellow ] [ Parameters: com.softserve.system.Session@88f0a2; com.softserve.DBEntities.Person[ systemID=u12019837 ]; ]'),(1147,'u12019837','2014-09-26 12:59:11',' [ Method = loadAllPendingOnDemandAccounts ] [ Parameters: com.softserve.system.Session@39fb5; ]'),(1148,'u12019837','2014-09-26 12:59:16',' [ Method = getAllActiveMeetingsForWhichUserIsToAttend ] [ Parameters: com.softserve.system.Session@1da51de; ]'),(1149,'u12019837','2014-09-26 12:59:17',' [ Method = allApplicationsWithPendingReportsForUser ] [ Parameters: com.softserve.system.Session@a4455b; ]'),(1150,'u12019837','2014-09-26 12:59:17',' [ Method = getRenewableApplicationsForFellow ] [ Parameters: com.softserve.system.Session@15d8431; com.softserve.DBEntities.Person[ systemID=u12019837 ]; ]'),(1151,'u12019837','2014-09-26 12:59:17',' [ Method = loadAllPendingOnDemandAccounts ] [ Parameters: com.softserve.system.Session@18fe3a7; ]'),(1152,'u12019837','2014-09-26 12:59:17',' [ Method = getAllActiveMeetingsForWhichUserIsToAttend ] [ Parameters: com.softserve.system.Session@1af722b; ]'),(1153,'u12019837','2014-09-26 12:59:17',' [ Method = allApplicationsWithPendingReportsForUser ] [ Parameters: com.softserve.system.Session@2436b7; ]'),(1154,'u12019837','2014-09-26 12:59:17',' [ Method = getRenewableApplicationsForFellow ] [ Parameters: com.softserve.system.Session@18b5333; com.softserve.DBEntities.Person[ systemID=u12019837 ]; ]'),(1155,'u12019837','2014-09-26 12:59:17',' [ Method = loadAllPendingOnDemandAccounts ] [ Parameters: com.softserve.system.Session@db2680; ]'),(1156,'u12019837','2014-09-26 12:59:28',' [ Method = getAllActiveMeetingsForWhichUserIsToAttend ] [ Parameters: com.softserve.system.Session@9cc883; ]'),(1157,'u12019837','2014-09-26 12:59:28',' [ Method = allApplicationsWithPendingReportsForUser ] [ Parameters: com.softserve.system.Session@8f02ae; ]'),(1158,'u12019837','2014-09-26 12:59:28',' [ Method = getRenewableApplicationsForFellow ] [ Parameters: com.softserve.system.Session@130622b; com.softserve.DBEntities.Person[ systemID=u12019837 ]; ]'),(1159,'u12019837','2014-09-26 12:59:28',' [ Method = loadAllPendingOnDemandAccounts ] [ Parameters: com.softserve.system.Session@a5138e; ]'),(1160,'u12019837','2014-09-26 13:01:19',' [ Method = getAllActiveMeetingsForWhichUserIsToAttend ] [ Parameters: com.softserve.system.Session@1b77866; ]'),(1161,'u12019837','2014-09-26 13:01:19',' [ Method = allApplicationsWithPendingReportsForUser ] [ Parameters: com.softserve.system.Session@ef2882; ]'),(1162,'u12019837','2014-09-26 13:01:19',' [ Method = getRenewableApplicationsForFellow ] [ Parameters: com.softserve.system.Session@1bd276e; com.softserve.DBEntities.Person[ systemID=u12019837 ]; ]'),(1163,'u12019837','2014-09-26 13:01:19',' [ Method = loadAllPendingOnDemandAccounts ] [ Parameters: com.softserve.system.Session@1a86807; ]'),(1164,'u12019837','2014-09-26 13:01:19',' [ Method = viewAllUserAccounts ] [ Parameters: com.softserve.system.Session@10f06d3; ]'),(1165,'u12019837','2014-09-26 13:01:21',' [ Method = getAllActiveMeetingsForWhichUserIsToAttend ] [ Parameters: com.softserve.system.Session@16eb3ea; ]'),(1166,'u12019837','2014-09-26 13:01:21',' [ Method = allApplicationsWithPendingReportsForUser ] [ Parameters: com.softserve.system.Session@d25d46; ]'),(1167,'u12019837','2014-09-26 13:01:21',' [ Method = getRenewableApplicationsForFellow ] [ Parameters: com.softserve.system.Session@1dee078; com.softserve.DBEntities.Person[ systemID=u12019837 ]; ]'),(1168,'u12019837','2014-09-26 13:01:21',' [ Method = loadAllPendingOnDemandAccounts ] [ Parameters: com.softserve.system.Session@1327eea; ]'),(1169,'u12019837','2014-09-26 13:02:12',' [ Method = getAllActiveMeetingsForWhichUserIsToAttend ] [ Parameters: com.softserve.system.Session@d0b8ac; ]'),(1170,'u12019837','2014-09-26 13:02:12',' [ Method = allApplicationsWithPendingReportsForUser ] [ Parameters: com.softserve.system.Session@1f44a34; ]'),(1171,'u12019837','2014-09-26 13:02:12',' [ Method = getRenewableApplicationsForFellow ] [ Parameters: com.softserve.system.Session@638bd; com.softserve.DBEntities.Person[ systemID=u12019837 ]; ]'),(1172,'u12019837','2014-09-26 13:02:12',' [ Method = loadAllPendingOnDemandAccounts ] [ Parameters: com.softserve.system.Session@16a770b; ]'),(1173,'u12019837','2014-09-26 13:29:57',' [ Method = getAllActiveMeetingsForWhichUserIsToAttend ] [ Parameters: com.softserve.system.Session@603143; ]'),(1174,'u12019837','2014-09-26 13:29:57',' [ Method = allApplicationsWithPendingReportsForUser ] [ Parameters: com.softserve.system.Session@16db9de; ]'),(1175,'u12019837','2014-09-26 13:29:57',' [ Method = getRenewableApplicationsForFellow ] [ Parameters: com.softserve.system.Session@11696d6; com.softserve.DBEntities.Person[ systemID=u12019837 ]; ]'),(1176,'u12019837','2014-09-26 13:29:57',' [ Method = loadAllPendingOnDemandAccounts ] [ Parameters: com.softserve.system.Session@cd4d8b; ]');
/*!40000 ALTER TABLE `audit_log` ENABLE KEYS */;
UNLOCK TABLES;

--
-- Table structure for table `committee_meeting`
--

DROP TABLE IF EXISTS `committee_meeting`;
/*!40101 SET @saved_cs_client     = @@character_set_client */;
/*!40101 SET character_set_client = utf8 */;
CREATE TABLE `committee_meeting` (
  `_meetingID` bigint(20) unsigned NOT NULL AUTO_INCREMENT,
  `_organiser` char(9) NOT NULL,
  `_name` varchar(100) DEFAULT NULL,
  `_venue` varchar(100) DEFAULT NULL,
  `_startDate` datetime DEFAULT NULL,
  `_endDate` datetime DEFAULT NULL,
  PRIMARY KEY (`_meetingID`),
  KEY `_organiser` (`_organiser`),
  CONSTRAINT `committee_meeting_ibfk_1` FOREIGN KEY (`_organiser`) REFERENCES `person` (`_systemID`)
) ENGINE=InnoDB DEFAULT CHARSET=latin1;
/*!40101 SET character_set_client = @saved_cs_client */;

--
-- Dumping data for table `committee_meeting`
--

LOCK TABLES `committee_meeting` WRITE;
/*!40000 ALTER TABLE `committee_meeting` DISABLE KEYS */;
/*!40000 ALTER TABLE `committee_meeting` ENABLE KEYS */;
UNLOCK TABLES;

--
-- Table structure for table `committee_meetings_applications`
--

DROP TABLE IF EXISTS `committee_meetings_applications`;
/*!40101 SET @saved_cs_client     = @@character_set_client */;
/*!40101 SET character_set_client = utf8 */;
CREATE TABLE `committee_meetings_applications` (
  `_meetingID` bigint(20) unsigned NOT NULL,
  `_applicationID` bigint(20) unsigned NOT NULL,
  PRIMARY KEY (`_meetingID`,`_applicationID`),
  KEY `_applicationID` (`_applicationID`),
  CONSTRAINT `committee_meetings_applications_ibfk_1` FOREIGN KEY (`_meetingID`) REFERENCES `committee_meeting` (`_meetingID`),
  CONSTRAINT `committee_meetings_applications_ibfk_2` FOREIGN KEY (`_applicationID`) REFERENCES `application` (`_applicationID`)
) ENGINE=InnoDB DEFAULT CHARSET=latin1;
/*!40101 SET character_set_client = @saved_cs_client */;

--
-- Dumping data for table `committee_meetings_applications`
--

LOCK TABLES `committee_meetings_applications` WRITE;
/*!40000 ALTER TABLE `committee_meetings_applications` DISABLE KEYS */;
/*!40000 ALTER TABLE `committee_meetings_applications` ENABLE KEYS */;
UNLOCK TABLES;

--
-- Table structure for table `cv`
--

DROP TABLE IF EXISTS `cv`;
/*!40101 SET @saved_cs_client     = @@character_set_client */;
/*!40101 SET character_set_client = utf8 */;
CREATE TABLE `cv` (
  `_cvID` char(9) NOT NULL,
  `_idNumber` char(30) NOT NULL,
  `_dateOfBirth` date NOT NULL,
  `_gender` enum('Male','Female','Other') DEFAULT NULL,
  `_citizenship` varchar(100) DEFAULT NULL,
  `_nrfRating` char(4) DEFAULT NULL,
  `_race` char(20) DEFAULT NULL,
  `_recentInstitution` varchar(100) DEFAULT NULL,
  `_researchOutput` text,
  `_otherContributions` text,
  `_additionalInformation` text,
  PRIMARY KEY (`_cvID`),
  CONSTRAINT `cv_ibfk_1` FOREIGN KEY (`_cvID`) REFERENCES `person` (`_systemID`)
) ENGINE=InnoDB DEFAULT CHARSET=latin1;
/*!40101 SET character_set_client = @saved_cs_client */;

--
-- Dumping data for table `cv`
--

LOCK TABLES `cv` WRITE;
/*!40000 ALTER TABLE `cv` DISABLE KEYS */;
INSERT INTO `cv` VALUES ('f14000001','9309175578083','2004-09-01','Male','South African','A','Black',NULL,'<?xml version=\"1.0\" encoding=\"UTF-8\" standalone=\"yes\"?><researchOutput><references><type>Publications in peer-reviewed/refereed journals</type><status>In progress</status><publicationName>The world as seen through the open</publicationName></references></researchOutput>','<?xml version=\"1.0\" encoding=\"UTF-8\" standalone=\"yes\"?><otherContributions><items><type>Participation in conferences, workshops and short courses</type><name>Been there done that</name><desciption>Happening</desciption><location>Above the clouds</location><date>2014-09-30+02:00</date></items></otherContributions>','<?xml version=\"1.0\" encoding=\"UTF-8\" standalone=\"yes\"?><additionalInformation><information>Open test data</information></additionalInformation>'),('f14000002','9309175578083','2014-09-01','Male','South African','A','Black',NULL,'<?xml version=\"1.0\" encoding=\"UTF-8\" standalone=\"yes\"?><researchOutput><references><type>Publications in peer-reviewed/refereed journals</type><status>In progress</status><publicationName>Getting referred is time consuming</publicationName></references></researchOutput>','<?xml version=\"1.0\" encoding=\"UTF-8\" standalone=\"yes\"?><otherContributions><items><type>Participation in conferences, workshops and short courses</type><name>Been there done that</name><desciption>Happening</desciption><location>Above the clouds</location><date>2014-09-30+02:00</date></items></otherContributions>','<?xml version=\"1.0\" encoding=\"UTF-8\" standalone=\"yes\"?><additionalInformation><information>A referred applicant</information></additionalInformation>'),('f14000003','9309175578083','1994-09-02','Male','South African','A','Black',NULL,'<?xml version=\"1.0\" encoding=\"UTF-8\" standalone=\"yes\"?><researchOutput><references><type>Publications in peer-reviewed/refereed journals</type><status>In progress</status><publicationName>Getting finalised is time consuming</publicationName></references></researchOutput>','<?xml version=\"1.0\" encoding=\"UTF-8\" standalone=\"yes\"?><otherContributions><items><type>Participation in conferences, workshops and short courses</type><name>Been there done that</name><desciption>Happening</desciption><location>Above the clouds</location><date>2014-09-02+02:00</date></items></otherContributions>','<?xml version=\"1.0\" encoding=\"UTF-8\" standalone=\"yes\"?><additionalInformation><information>Finanlised</information></additionalInformation>'),('f14000004','9309175578083','2000-09-08','Male','South African','A','Other',NULL,'<?xml version=\"1.0\" encoding=\"UTF-8\" standalone=\"yes\"?><researchOutput><references><type>Technical/Policy reports</type><status>In progress</status><publicationName>The world as seen through the recommended</publicationName></references></researchOutput>','<?xml version=\"1.0\" encoding=\"UTF-8\" standalone=\"yes\"?><otherContributions><items><type>Participation in conferences, workshops and short courses</type><name>Been there done that</name><desciption>Happening</desciption><location>Above the clouds</location><date>2014-09-02+02:00</date></items></otherContributions>','<?xml version=\"1.0\" encoding=\"UTF-8\" standalone=\"yes\"?><additionalInformation><information>Recommended</information></additionalInformation>'),('f14000005','9309175578083','1996-09-05','Male','South African','N/A','White',NULL,'<?xml version=\"1.0\" encoding=\"UTF-8\" standalone=\"yes\"?><researchOutput><references><type>Publications in peer-reviewed/refereed journals</type><status>In progress</status><publicationName>Yizo</publicationName></references></researchOutput>','<?xml version=\"1.0\" encoding=\"UTF-8\" standalone=\"yes\"?><otherContributions><items><type>Participation in conferences, workshops and short courses</type><name>Item</name><desciption>Works</desciption><location>Item</location><date>2014-09-18+02:00</date></items></otherContributions>','<?xml version=\"1.0\" encoding=\"UTF-8\" standalone=\"yes\"?><additionalInformation><information>Trying to be endorsed</information></additionalInformation>'),('f14000006','9309175578083','2014-09-09','Male','South African','N/A','Black',NULL,'<?xml version=\"1.0\" encoding=\"UTF-8\" standalone=\"yes\"?><researchOutput><references><type>Publications in peer-reviewed/refereed journals</type><status>In progress</status><publicationName>Wonderfilled</publicationName></references></researchOutput>','<?xml version=\"1.0\" encoding=\"UTF-8\" standalone=\"yes\"?><otherContributions><items><type>Participation in conferences, workshops and short courses</type><name>Item</name><desciption>Works</desciption><location>Item</location><date>2014-09-02+02:00</date></items></otherContributions>','<?xml version=\"1.0\" encoding=\"UTF-8\" standalone=\"yes\"?><additionalInformation><information>Falling asleep</information></additionalInformation>'),('f14000007','9309175578083','2014-09-02','Male','South African','N/A','Black',NULL,'<?xml version=\"1.0\" encoding=\"UTF-8\" standalone=\"yes\"?><researchOutput><references><type>Publications in peer-reviewed/refereed journals</type><status>In progress</status><publicationName>Yizo</publicationName></references></researchOutput>','<?xml version=\"1.0\" encoding=\"UTF-8\" standalone=\"yes\"?><otherContributions><items><type>Participation in conferences, workshops and short courses</type><name>Item</name><desciption>asrg</desciption><location>Item</location><date>2014-09-04+02:00</date></items></otherContributions>','<?xml version=\"1.0\" encoding=\"UTF-8\" standalone=\"yes\"?><additionalInformation><information>Run</information></additionalInformation>'),('f14000008','9309175578083','2014-09-02','Male','South African','N/A','Black',NULL,'<?xml version=\"1.0\" encoding=\"UTF-8\" standalone=\"yes\"?><researchOutput><references><type>Publications in peer-reviewed/refereed journals</type><status>In progress</status><publicationName>Yizo</publicationName></references></researchOutput>','<?xml version=\"1.0\" encoding=\"UTF-8\" standalone=\"yes\"?><otherContributions><items><type>Participation in conferences, workshops and short courses</type><name>Item</name><desciption>asrg</desciption><location>Item</location><date>2014-09-02+02:00</date></items></otherContributions>','<?xml version=\"1.0\" encoding=\"UTF-8\" standalone=\"yes\"?><additionalInformation><information>I\'m complete</information></additionalInformation>'),('f14000009','9309175578083','2014-09-09','Female','South African','C2','White',NULL,'<?xml version=\"1.0\" encoding=\"UTF-8\" standalone=\"yes\"?><researchOutput><references><type>Publications in peer-reviewed/refereed journals</type><status>In progress</status><publicationName>Yizo</publicationName></references></researchOutput>','<?xml version=\"1.0\" encoding=\"UTF-8\" standalone=\"yes\"?><otherContributions><items><type>Participation in conferences, workshops and short courses</type><name>Item</name><desciption>asrg</desciption><location>Item</location><date>2014-09-01+02:00</date></items></otherContributions>','<?xml version=\"1.0\" encoding=\"UTF-8\" standalone=\"yes\"?><additionalInformation><information>Kill</information></additionalInformation>'),('u12019837','9309175578083','2014-09-08','Male','South African','A','White',NULL,'<?xml version=\"1.0\" encoding=\"UTF-8\" standalone=\"yes\"?><researchOutput><references><type>Publications in peer-reviewed/refereed journals</type><status>In progress</status><publicationName>Yizo</publicationName></references></researchOutput>','<?xml version=\"1.0\" encoding=\"UTF-8\" standalone=\"yes\"?><otherContributions><items><type>Participation in conferences, workshops and short courses</type><name>Saved the world</name><desciption>Did it</desciption><location>Here</location><date>2014-09-08+02:00</date></items></otherContributions>','<?xml version=\"1.0\" encoding=\"UTF-8\" standalone=\"yes\"?><additionalInformation><information>Grant holder</information></additionalInformation>');
/*!40000 ALTER TABLE `cv` ENABLE KEYS */;
UNLOCK TABLES;

--
-- Table structure for table `decline_report`
--

DROP TABLE IF EXISTS `decline_report`;
/*!40101 SET @saved_cs_client     = @@character_set_client */;
/*!40101 SET character_set_client = utf8 */;
CREATE TABLE `decline_report` (
  `_reportID` bigint(20) unsigned NOT NULL,
  `_creator` char(9) NOT NULL,
  `_timestamp` datetime NOT NULL,
  `_reason` text,
  PRIMARY KEY (`_reportID`),
  KEY `_creator` (`_creator`),
  CONSTRAINT `decline_report_ibfk_1` FOREIGN KEY (`_reportID`) REFERENCES `application` (`_applicationID`),
  CONSTRAINT `decline_report_ibfk_2` FOREIGN KEY (`_creator`) REFERENCES `person` (`_systemID`)
) ENGINE=InnoDB DEFAULT CHARSET=latin1;
/*!40101 SET character_set_client = @saved_cs_client */;

--
-- Dumping data for table `decline_report`
--

LOCK TABLES `decline_report` WRITE;
/*!40000 ALTER TABLE `decline_report` DISABLE KEYS */;
INSERT INTO `decline_report` VALUES (9,'u12019837','2014-09-26 10:57:17','Testing feature');
/*!40000 ALTER TABLE `decline_report` ENABLE KEYS */;
UNLOCK TABLES;

--
-- Table structure for table `department`
--

DROP TABLE IF EXISTS `department`;
/*!40101 SET @saved_cs_client     = @@character_set_client */;
/*!40101 SET character_set_client = utf8 */;
CREATE TABLE `department` (
  `_departmentID` bigint(20) unsigned NOT NULL AUTO_INCREMENT,
  `_faculty` bigint(20) unsigned NOT NULL,
  `_name` varchar(250) NOT NULL,
  PRIMARY KEY (`_departmentID`),
  KEY `_faculty` (`_faculty`),
  CONSTRAINT `department_ibfk_1` FOREIGN KEY (`_faculty`) REFERENCES `faculty` (`_facultyID`)
) ENGINE=InnoDB AUTO_INCREMENT=6 DEFAULT CHARSET=latin1;
/*!40101 SET character_set_client = @saved_cs_client */;

--
-- Dumping data for table `department`
--

LOCK TABLES `department` WRITE;
/*!40000 ALTER TABLE `department` DISABLE KEYS */;
INSERT INTO `department` VALUES (1,1,'Computer Science'),(2,1,'Informatics'),(3,1,'Computer and Electronic Engineers'),(4,2,'Philosophy'),(5,3,'Dean');
/*!40000 ALTER TABLE `department` ENABLE KEYS */;
UNLOCK TABLES;

--
-- Table structure for table `eligiblity_report`
--

DROP TABLE IF EXISTS `eligiblity_report`;
/*!40101 SET @saved_cs_client     = @@character_set_client */;
/*!40101 SET character_set_client = utf8 */;
CREATE TABLE `eligiblity_report` (
  `_reportID` bigint(20) unsigned NOT NULL,
  `_eligiblityCheckDate` datetime NOT NULL,
  `_eligiblityChecker` char(9) NOT NULL,
  PRIMARY KEY (`_reportID`),
  KEY `_eligiblityChecker` (`_eligiblityChecker`),
  CONSTRAINT `eligiblity_report_ibfk_1` FOREIGN KEY (`_reportID`) REFERENCES `application` (`_applicationID`),
  CONSTRAINT `eligiblity_report_ibfk_2` FOREIGN KEY (`_eligiblityChecker`) REFERENCES `person` (`_systemID`)
) ENGINE=InnoDB DEFAULT CHARSET=latin1;
/*!40101 SET character_set_client = @saved_cs_client */;

--
-- Dumping data for table `eligiblity_report`
--

LOCK TABLES `eligiblity_report` WRITE;
/*!40000 ALTER TABLE `eligiblity_report` DISABLE KEYS */;
INSERT INTO `eligiblity_report` VALUES (6,'2014-09-26 11:12:12','u12019837'),(7,'2014-09-26 11:12:29','u12019837'),(8,'2014-09-26 11:05:29','u12019837');
/*!40000 ALTER TABLE `eligiblity_report` ENABLE KEYS */;
UNLOCK TABLES;

--
-- Table structure for table `employee_information`
--

DROP TABLE IF EXISTS `employee_information`;
/*!40101 SET @saved_cs_client     = @@character_set_client */;
/*!40101 SET character_set_client = utf8 */;
CREATE TABLE `employee_information` (
  `_employeeID` char(9) NOT NULL,
  `_physicalAddress` bigint(20) unsigned DEFAULT NULL,
  `_position` varchar(50) DEFAULT NULL,
  `_dateOfAppointment` date DEFAULT NULL,
  `_appointmentStatus` varchar(50) DEFAULT NULL,
  `_department` bigint(20) unsigned DEFAULT NULL,
  PRIMARY KEY (`_employeeID`),
  KEY `_department` (`_department`),
  KEY `_physicalAddress` (`_physicalAddress`),
  CONSTRAINT `employee_information_ibfk_1` FOREIGN KEY (`_employeeID`) REFERENCES `person` (`_systemID`),
  CONSTRAINT `employee_information_ibfk_2` FOREIGN KEY (`_department`) REFERENCES `department` (`_departmentID`),
  CONSTRAINT `employee_information_ibfk_3` FOREIGN KEY (`_physicalAddress`) REFERENCES `address` (`_addressID`)
) ENGINE=InnoDB DEFAULT CHARSET=latin1;
/*!40101 SET character_set_client = @saved_cs_client */;

--
-- Dumping data for table `employee_information`
--

LOCK TABLES `employee_information` WRITE;
/*!40000 ALTER TABLE `employee_information` DISABLE KEYS */;
INSERT INTO `employee_information` VALUES ('u12019837',2,'HOD','2001-01-20','full time',1),('u12453627',13,'Lecturer','2014-09-02','Here',1),('u14000001',2,'GrantHolder','2001-01-20','full time',1),('u14000002',2,'HOD','2001-01-20','full time',1),('u14000003',2,'Dean','2001-01-20','full time',1),('u14000004',2,'DRIS','2001-01-20','full time',1),('u14000005',2,'GrantHolder','2001-01-20','full time',1),('u14000006',2,'HOD','2001-01-20','full time',1),('u14000007',2,'Dean','2001-01-20','full time',1),('u14000008',2,'DRIS','2001-01-20','full time',1);
/*!40000 ALTER TABLE `employee_information` ENABLE KEYS */;
UNLOCK TABLES;

--
-- Table structure for table `endorsement`
--

DROP TABLE IF EXISTS `endorsement`;
/*!40101 SET @saved_cs_client     = @@character_set_client */;
/*!40101 SET character_set_client = utf8 */;
CREATE TABLE `endorsement` (
  `_endorsementID` bigint(20) unsigned NOT NULL,
  `_dean` char(9) NOT NULL,
  `_timestamp` datetime NOT NULL,
  `_rank` int(10) unsigned NOT NULL,
  `_motivation` text NOT NULL,
  PRIMARY KEY (`_endorsementID`),
  KEY `_dean` (`_dean`),
  CONSTRAINT `endorsement_ibfk_1` FOREIGN KEY (`_endorsementID`) REFERENCES `application` (`_applicationID`),
  CONSTRAINT `endorsement_ibfk_2` FOREIGN KEY (`_dean`) REFERENCES `person` (`_systemID`)
) ENGINE=InnoDB DEFAULT CHARSET=latin1;
/*!40101 SET character_set_client = @saved_cs_client */;

--
-- Dumping data for table `endorsement`
--

LOCK TABLES `endorsement` WRITE;
/*!40000 ALTER TABLE `endorsement` DISABLE KEYS */;
INSERT INTO `endorsement` VALUES (5,'u12019837','2014-09-26 11:02:34',4,'Works for me'),(6,'u12019837','2014-09-26 11:04:28',0,'Works for me'),(7,'u12019837','2014-09-26 11:03:35',0,'Works for me'),(8,'u12019837','2014-09-26 11:03:15',0,'Works for me');
/*!40000 ALTER TABLE `endorsement` ENABLE KEYS */;
UNLOCK TABLES;

--
-- Table structure for table `experience`
--

DROP TABLE IF EXISTS `experience`;
/*!40101 SET @saved_cs_client     = @@character_set_client */;
/*!40101 SET character_set_client = utf8 */;
CREATE TABLE `experience` (
  `_experienceID` bigint(20) unsigned NOT NULL AUTO_INCREMENT,
  `_cv` char(9) NOT NULL,
  `_capacity` varchar(100) DEFAULT NULL,
  `_organisation` varchar(100) DEFAULT NULL,
  `_startDate` datetime NOT NULL,
  `_endDate` datetime NOT NULL,
  PRIMARY KEY (`_experienceID`),
  KEY `_cv` (`_cv`),
  CONSTRAINT `experience_ibfk_1` FOREIGN KEY (`_cv`) REFERENCES `cv` (`_cvID`)
) ENGINE=InnoDB AUTO_INCREMENT=12 DEFAULT CHARSET=latin1;
/*!40101 SET character_set_client = @saved_cs_client */;

--
-- Dumping data for table `experience`
--

LOCK TABLES `experience` WRITE;
/*!40000 ALTER TABLE `experience` DISABLE KEYS */;
INSERT INTO `experience` VALUES (1,'f14000001','Tester for new Feature','Testing','2014-09-02 02:00:00','2014-09-30 02:00:00'),(2,'f14000001','Tester','Testing','2014-09-02 02:00:00','2014-09-30 02:00:00'),(3,'f14000002','Tester','Testing','2014-09-01 02:00:00','2014-09-02 02:00:00'),(4,'f14000003','Tester','Testing','2009-09-08 02:00:00','2014-09-09 02:00:00'),(5,'u12019837','Lecture','CS','2014-09-03 02:00:00','2014-09-25 02:00:00'),(6,'f14000004','Tester','Testing','2014-09-29 02:00:00','2014-09-30 02:00:00'),(7,'f14000005','Endorsement','Endo','2007-09-18 02:00:00','2014-09-17 02:00:00'),(8,'f14000006','Tester','Test','2014-09-01 02:00:00','2014-09-30 02:00:00'),(9,'f14000007','Funded','Fund','2014-09-09 02:00:00','2014-09-30 02:00:00'),(10,'f14000008','Funded','Fund','2014-09-02 02:00:00','2014-09-09 02:00:00'),(11,'f14000009','Funded','Fund','2014-09-02 02:00:00','2014-09-16 02:00:00');
/*!40000 ALTER TABLE `experience` ENABLE KEYS */;
UNLOCK TABLES;

--
-- Table structure for table `faculty`
--

DROP TABLE IF EXISTS `faculty`;
/*!40101 SET @saved_cs_client     = @@character_set_client */;
/*!40101 SET character_set_client = utf8 */;
CREATE TABLE `faculty` (
  `_facultyID` bigint(20) unsigned NOT NULL AUTO_INCREMENT,
  `_institution` bigint(20) unsigned NOT NULL,
  `_name` varchar(250) NOT NULL,
  PRIMARY KEY (`_facultyID`),
  KEY `_institution` (`_institution`),
  CONSTRAINT `faculty_ibfk_1` FOREIGN KEY (`_institution`) REFERENCES `institution` (`_institutionID`)
) ENGINE=InnoDB AUTO_INCREMENT=4 DEFAULT CHARSET=latin1;
/*!40101 SET character_set_client = @saved_cs_client */;

--
-- Dumping data for table `faculty`
--

LOCK TABLES `faculty` WRITE;
/*!40000 ALTER TABLE `faculty` DISABLE KEYS */;
INSERT INTO `faculty` VALUES (1,1,'EBIT'),(2,1,'Humanities'),(3,2,'Health sciences');
/*!40000 ALTER TABLE `faculty` ENABLE KEYS */;
UNLOCK TABLES;

--
-- Table structure for table `forward_and_rewind_report`
--

DROP TABLE IF EXISTS `forward_and_rewind_report`;
/*!40101 SET @saved_cs_client     = @@character_set_client */;
/*!40101 SET character_set_client = utf8 */;
CREATE TABLE `forward_and_rewind_report` (
  `_reportID` bigint(20) unsigned NOT NULL AUTO_INCREMENT,
  `_application` bigint(20) unsigned NOT NULL,
  `_dris` char(9) NOT NULL,
  `_timestamp` datetime NOT NULL,
  `_type` enum('Forward','Rewind') NOT NULL,
  `_reason` text,
  `_fromStatus` enum('Open','Submitted','Declined','Referred','Finalised','Recommended','Endorsed','Eligible','Funded','Completed','Terminated') DEFAULT NULL,
  `_toStatus` enum('Open','Submitted','Declined','Referred','Finalised','Recommended','Endorsed','Eligible','Funded','Completed','Terminated') DEFAULT NULL,
  PRIMARY KEY (`_reportID`),
  KEY `_application` (`_application`),
  KEY `_dris` (`_dris`),
  CONSTRAINT `forward_and_rewind_report_ibfk_1` FOREIGN KEY (`_application`) REFERENCES `application` (`_applicationID`),
  CONSTRAINT `forward_and_rewind_report_ibfk_2` FOREIGN KEY (`_dris`) REFERENCES `person` (`_systemID`)
) ENGINE=InnoDB DEFAULT CHARSET=latin1;
/*!40101 SET character_set_client = @saved_cs_client */;

--
-- Dumping data for table `forward_and_rewind_report`
--

LOCK TABLES `forward_and_rewind_report` WRITE;
/*!40000 ALTER TABLE `forward_and_rewind_report` DISABLE KEYS */;
/*!40000 ALTER TABLE `forward_and_rewind_report` ENABLE KEYS */;
UNLOCK TABLES;

--
-- Table structure for table `funding_cost`
--

DROP TABLE IF EXISTS `funding_cost`;
/*!40101 SET @saved_cs_client     = @@character_set_client */;
/*!40101 SET character_set_client = utf8 */;
CREATE TABLE `funding_cost` (
  `_costID` bigint(20) unsigned NOT NULL AUTO_INCREMENT,
  `_fundingReport` bigint(20) unsigned NOT NULL,
  `_amount` float DEFAULT NULL,
  `_provider` varchar(100) DEFAULT NULL,
  `_type` enum('Fellowship','Running','Travel','Equipment','Operating','Conference') DEFAULT NULL,
  PRIMARY KEY (`_costID`),
  KEY `_fundingReport` (`_fundingReport`),
  CONSTRAINT `funding_cost_ibfk_1` FOREIGN KEY (`_fundingReport`) REFERENCES `funding_report` (`_reportID`)
) ENGINE=InnoDB AUTO_INCREMENT=3 DEFAULT CHARSET=latin1;
/*!40101 SET character_set_client = @saved_cs_client */;

--
-- Dumping data for table `funding_cost`
--

LOCK TABLES `funding_cost` WRITE;
/*!40000 ALTER TABLE `funding_cost` DISABLE KEYS */;
INSERT INTO `funding_cost` VALUES (1,8,5000,'School','Running'),(2,7,5000,'School','Running');
/*!40000 ALTER TABLE `funding_cost` ENABLE KEYS */;
UNLOCK TABLES;

--
-- Table structure for table `funding_report`
--

DROP TABLE IF EXISTS `funding_report`;
/*!40101 SET @saved_cs_client     = @@character_set_client */;
/*!40101 SET character_set_client = utf8 */;
CREATE TABLE `funding_report` (
  `_reportID` bigint(20) unsigned NOT NULL,
  `_dris` char(9) NOT NULL,
  `_timestamp` datetime NOT NULL,
  PRIMARY KEY (`_reportID`),
  KEY `_dris` (`_dris`),
  CONSTRAINT `funding_report_ibfk_1` FOREIGN KEY (`_reportID`) REFERENCES `application` (`_applicationID`),
  CONSTRAINT `funding_report_ibfk_2` FOREIGN KEY (`_dris`) REFERENCES `person` (`_systemID`)
) ENGINE=InnoDB DEFAULT CHARSET=latin1;
/*!40101 SET character_set_client = @saved_cs_client */;

--
-- Dumping data for table `funding_report`
--

LOCK TABLES `funding_report` WRITE;
/*!40000 ALTER TABLE `funding_report` DISABLE KEYS */;
INSERT INTO `funding_report` VALUES (7,'u12019837','2014-09-26 12:36:03'),(8,'u12019837','2014-09-26 11:55:15');
/*!40000 ALTER TABLE `funding_report` ENABLE KEYS */;
UNLOCK TABLES;

--
-- Table structure for table `institution`
--

DROP TABLE IF EXISTS `institution`;
/*!40101 SET @saved_cs_client     = @@character_set_client */;
/*!40101 SET character_set_client = utf8 */;
CREATE TABLE `institution` (
  `_institutionID` bigint(20) unsigned NOT NULL AUTO_INCREMENT,
  `_name` varchar(250) NOT NULL,
  PRIMARY KEY (`_institutionID`)
) ENGINE=InnoDB AUTO_INCREMENT=3 DEFAULT CHARSET=latin1;
/*!40101 SET character_set_client = @saved_cs_client */;

--
-- Dumping data for table `institution`
--

LOCK TABLES `institution` WRITE;
/*!40000 ALTER TABLE `institution` DISABLE KEYS */;
INSERT INTO `institution` VALUES (1,'University of Pretoria'),(2,'University of Cape Town');
/*!40000 ALTER TABLE `institution` ENABLE KEYS */;
UNLOCK TABLES;

--
-- Table structure for table `minute_comment`
--

DROP TABLE IF EXISTS `minute_comment`;
/*!40101 SET @saved_cs_client     = @@character_set_client */;
/*!40101 SET character_set_client = utf8 */;
CREATE TABLE `minute_comment` (
  `_commentID` bigint(20) unsigned NOT NULL AUTO_INCREMENT,
  `_meeting` bigint(20) unsigned NOT NULL,
  `_timestamp` datetime NOT NULL,
  `_attendee` char(9) NOT NULL,
  `_comment` varchar(500) NOT NULL,
  PRIMARY KEY (`_commentID`),
  KEY `_meeting` (`_meeting`),
  KEY `_attendee` (`_attendee`),
  CONSTRAINT `minute_comment_ibfk_1` FOREIGN KEY (`_meeting`) REFERENCES `committee_meeting` (`_meetingID`),
  CONSTRAINT `minute_comment_ibfk_2` FOREIGN KEY (`_attendee`) REFERENCES `person` (`_systemID`)
) ENGINE=InnoDB DEFAULT CHARSET=latin1;
/*!40101 SET character_set_client = @saved_cs_client */;

--
-- Dumping data for table `minute_comment`
--

LOCK TABLES `minute_comment` WRITE;
/*!40000 ALTER TABLE `minute_comment` DISABLE KEYS */;
/*!40000 ALTER TABLE `minute_comment` ENABLE KEYS */;
UNLOCK TABLES;

--
-- Table structure for table `notification`
--

DROP TABLE IF EXISTS `notification`;
/*!40101 SET @saved_cs_client     = @@character_set_client */;
/*!40101 SET character_set_client = utf8 */;
CREATE TABLE `notification` (
  `_notificationID` bigint(20) unsigned NOT NULL AUTO_INCREMENT,
  `_subject` varchar(200) DEFAULT NULL,
  `_message` text,
  `_emailStatus` enum('Sent','Queued','Failed','Disabled') DEFAULT NULL,
  `_emailRetryCount` int(11) DEFAULT NULL,
  `_timestamp` datetime NOT NULL,
  `_sender` char(9) DEFAULT NULL,
  `_reciever` char(9) NOT NULL,
  PRIMARY KEY (`_notificationID`),
  KEY `_sender` (`_sender`),
  KEY `_reciever` (`_reciever`),
  CONSTRAINT `notification_ibfk_1` FOREIGN KEY (`_sender`) REFERENCES `person` (`_systemID`),
  CONSTRAINT `notification_ibfk_2` FOREIGN KEY (`_reciever`) REFERENCES `person` (`_systemID`)
) ENGINE=InnoDB AUTO_INCREMENT=45 DEFAULT CHARSET=latin1;
/*!40101 SET character_set_client = @saved_cs_client */;

--
-- Dumping data for table `notification`
--

LOCK TABLES `notification` WRITE;
/*!40000 ALTER TABLE `notification` DISABLE KEYS */;
INSERT INTO `notification` VALUES (1,'Created account','Account has been created for you','Sent',0,'2014-09-21 20:31:45','f14000001','f14000001'),(2,'Created account','Account has been created for you','Sent',0,'2014-09-21 20:38:53','f14000002','f14000002'),(3,'Created account','Account has been created for you','Sent',0,'2014-09-21 20:55:54','f14000003','f14000003'),(4,'Application finalised','The following application has been finalised by Mr Test Tester. Please review for endorsement.','Sent',0,'2014-09-21 21:05:25','u12019837','u12019837'),(5,'Created account','Account has been created for you','Sent',0,'2014-09-21 21:08:20','f14000004','f14000004'),(6,'Application finalised','The following application has been finalised by Mr Test Tester. Please review for endorsement.','Sent',0,'2014-09-21 21:16:22','u12019837','u12019837'),(7,'Created account','Account has been created for you','Sent',0,'2014-09-26 01:57:30','f14000005','f14000005'),(8,'Created account','Account has been created for you','Sent',0,'2014-09-26 02:10:44','f14000006','f14000006'),(9,'Created account','Account has been created for you','Sent',0,'2014-09-26 02:20:53','f14000007','f14000007'),(10,'Created account','Account has been created for you','Sent',0,'2014-09-26 02:31:01','f14000008','f14000008'),(11,'Created account','Account has been created for you','Sent',0,'2014-09-26 02:40:35','f14000009','f14000009'),(12,'Application recommended','The following application has been recommended by Mr Test Tester. Please review for endorsement.','Failed',4,'2014-09-26 10:54:43','u12019837','u12019837'),(13,'Application recommended','The following application has been recommended by Mr Test Tester. Please review for endorsement.','Failed',4,'2014-09-26 10:54:44','u12019837','u14000004'),(14,'Application recommended','The following application has been recommended by Mr Test Tester. Please review for endorsement.','Failed',4,'2014-09-26 10:54:44','u12019837','u14000008'),(15,'Application finalised','The following application has been finalised by Mr Test Tester. Please review for endorsement.','Failed',4,'2014-09-26 10:56:02','u12019837','u12019837'),(16,'Application finalised','The following application has been finalised by Mr Test Tester. Please review for endorsement.','Failed',4,'2014-09-26 10:56:24','u12019837','u12019837'),(17,'Application finalised','The following application has been finalised by Mr Test Tester. Please review for endorsement.','Failed',4,'2014-09-26 10:56:41','u12019837','u12019837'),(18,'Application finalised','The following application has been finalised by Mr Test Tester. Please review for endorsement.','Failed',4,'2014-09-26 10:56:59','u12019837','u12019837'),(19,'Application recommended','The following application has been recommended by Mr Test Tester. Please review for endorsement.','Failed',4,'2014-09-26 10:58:30','u12019837','u12019837'),(20,'Application recommended','The following application has been recommended by Mr Test Tester. Please review for endorsement.','Failed',4,'2014-09-26 10:58:30','u12019837','u14000004'),(21,'Application recommended','The following application has been recommended by Mr Test Tester. Please review for endorsement.','Failed',4,'2014-09-26 10:58:30','u12019837','u14000008'),(22,'Application recommended','The following application has been recommended by Mr Test Tester. Please review for endorsement.','Failed',4,'2014-09-26 10:59:21','u12019837','u12019837'),(23,'Application recommended','The following application has been recommended by Mr Test Tester. Please review for endorsement.','Failed',4,'2014-09-26 10:59:21','u12019837','u14000004'),(24,'Application recommended','The following application has been recommended by Mr Test Tester. Please review for endorsement.','Failed',4,'2014-09-26 10:59:21','u12019837','u14000008'),(25,'Application recommended','The following application has been recommended by Mr Test Tester. Please review for endorsement.','Failed',4,'2014-09-26 11:00:18','u12019837','u12019837'),(26,'Application recommended','The following application has been recommended by Mr Test Tester. Please review for endorsement.','Failed',4,'2014-09-26 11:00:19','u12019837','u14000004'),(27,'Application recommended','The following application has been recommended by Mr Test Tester. Please review for endorsement.','Failed',4,'2014-09-26 11:00:19','u12019837','u14000008'),(28,'Application recommended','The following application has been recommended by Mr Test Tester. Please review for endorsement.','Failed',4,'2014-09-26 11:01:02','u12019837','u12019837'),(29,'Application recommended','The following application has been recommended by Mr Test Tester. Please review for endorsement.','Failed',4,'2014-09-26 11:01:02','u12019837','u14000004'),(30,'Application recommended','The following application has been recommended by Mr Test Tester. Please review for endorsement.','Failed',4,'2014-09-26 11:01:02','u12019837','u14000008'),(31,'Application endorsed','The following application has been endorsed by Mr Test Tester. Please review for eligbility.','Failed',4,'2014-09-26 11:02:34','u12019837','u12019837'),(32,'Application endorsed','The following application has been endorsed by Mr Test Tester. Please review for eligbility.','Failed',4,'2014-09-26 11:03:15','u12019837','u12019837'),(33,'Application endorsed','The following application has been endorsed by Mr Test Tester. Please review for eligbility.','Failed',4,'2014-09-26 11:03:35','u12019837','u12019837'),(34,'Application endorsed','The following application has been endorsed by Mr Test Tester. Please review for eligbility.','Failed',4,'2014-09-26 11:04:28','u12019837','u12019837'),(35,'Application is eligible','Your application has been checked for eligiblity and found that that is eligible','Failed',4,'2014-09-26 11:05:29','u12019837','f14000008'),(36,'Application is eligible','Your application has been checked for eligiblity and found that that is eligible','Failed',4,'2014-09-26 11:12:12','u12019837','f14000006'),(37,'Application is eligible','Your application has been checked for eligiblity and found that that is eligible','Failed',4,'2014-09-26 11:12:29','u12019837','f14000007'),(38,'Application funding approved','The following application has been approved for funding by Mr Test Tester. ','Sent',0,'2014-09-26 11:55:15','u12019837','f14000008'),(39,'Application funding approved','The following application has been approved for funding by Mr Test Tester. ','Sent',0,'2014-09-26 11:55:21','u12019837','u12019837'),(40,'Application funding approved','The following application has been approved for funding by Mr Test Tester. ','Sent',0,'2014-09-26 12:35:11','u12019837','f14000007'),(41,'Application funding approved','The following application has been approved for funding by Mr Test Tester. ','Sent',0,'2014-09-26 12:35:17','u12019837','u12019837'),(42,'Application funding approved','The following application has been approved for funding by Mr Test Tester. ','Sent',0,'2014-09-26 12:36:03','u12019837','f14000007'),(43,'Application funding approved','The following application has been approved for funding by Mr Test Tester. ','Sent',0,'2014-09-26 12:36:08','u12019837','u12019837'),(44,'Created account','Account has been created for you','Sent',0,'2014-09-26 12:53:39','u12453627','u12453627');
/*!40000 ALTER TABLE `notification` ENABLE KEYS */;
UNLOCK TABLES;

--
-- Table structure for table `person`
--

DROP TABLE IF EXISTS `person`;
/*!40101 SET @saved_cs_client     = @@character_set_client */;
/*!40101 SET character_set_client = utf8 */;
CREATE TABLE `person` (
  `_systemID` char(9) NOT NULL,
  `_password` varchar(50) NOT NULL,
  `_title` char(10) NOT NULL,
  `_fullName` varchar(250) NOT NULL,
  `_surname` varchar(250) NOT NULL,
  `_email` varchar(50) NOT NULL,
  `_telephoneNumber` char(20) DEFAULT NULL,
  `_workNumber` char(20) DEFAULT NULL,
  `_faxNumber` char(20) DEFAULT NULL,
  `_cellphoneNumber` char(20) DEFAULT NULL,
  `_addressLine1` bigint(20) unsigned DEFAULT NULL,
  `_upEmployee` tinyint(1) NOT NULL,
  `_accountStatus` enum('Active','Pending','Disabled','Dorment') DEFAULT NULL,
  PRIMARY KEY (`_systemID`),
  KEY `_addressLine1` (`_addressLine1`),
  CONSTRAINT `person_ibfk_1` FOREIGN KEY (`_addressLine1`) REFERENCES `address` (`_addressID`)
) ENGINE=InnoDB DEFAULT CHARSET=latin1;
/*!40101 SET character_set_client = @saved_cs_client */;

--
-- Dumping data for table `person`
--

LOCK TABLES `person` WRITE;
/*!40000 ALTER TABLE `person` DISABLE KEYS */;
INSERT INTO `person` VALUES ('f14000001','open','Mr.','Open','Tester','open@gmail.com','0123456789','0123456789','0123456789','0123456789',3,0,'Active'),('f14000002','referred','Mr.','Referred','Tester','referred@gmail.com','0123456789','0123456789','0123456789','0123456789',4,0,'Active'),('f14000003','finalised','Mr.','Finalised','Tester','finalised@gmail.com','0123456789','0123456789','0123456789','0123456789',5,0,'Active'),('f14000004','recommended','Mr.','Recommended','Tester','recommended@gmail.com','0123456789','0123456789','0123456789','0123456789',6,0,'Active'),('f14000005','endorsed','Mr.','Endorsed','Tester','endorsed@gmail.com','0123456789','0123456789','0123456789','0123456789',7,0,'Active'),('f14000006','eligible','Ms.','Eligible','Tester','eligible@gmail.com','0123456789','0123456789','0123456789','0123456789',8,0,'Active'),('f14000007','funded','Mr.','Funded','Tester','funded@gmail.com','0123456789','0123456789','0123456789','0123456789',9,0,'Active'),('f14000008','completed','Mr.','Completed','Tester','completed@gmail.com','0123456789','0123456789','0123456789','0123456789',10,0,'Active'),('f14000009','terminated','Mr.','Terminated','Tester','terminated@gmail.com','0123456789','0123456789','0123456789','0123456789',11,0,'Active'),('u12019837','test','Mr','Test','Tester','test@gmail.com',NULL,NULL,NULL,NULL,1,1,'Active'),('u12453627','spare','Mr.','Spare','Wheel','spare@gmail.com','0123456789','0123456789','0123456789','0123456789',12,1,'Active'),('u14000001','grantholder','Mr','GrantHolder','Tester','grantholder@gmail.com',NULL,NULL,NULL,NULL,1,1,'Active'),('u14000002','hod','Mr','HOD','Tester','hod@gmail.com',NULL,NULL,NULL,NULL,1,1,'Active'),('u14000003','dean','Mr','Dean','Tester','dean@gmail.com',NULL,NULL,NULL,NULL,1,1,'Active'),('u14000004','dris','Mr','DRIS','Tester','dris@gmail.com',NULL,NULL,NULL,NULL,1,1,'Active'),('u14000005','grantholder1','Mr','GrantHolder1','Tester','grantholder1@gmail.com',NULL,NULL,NULL,NULL,1,1,'Active'),('u14000006','hod1','Mr','HOD1','Tester','hod1@gmail.com',NULL,NULL,NULL,NULL,1,1,'Active'),('u14000007','dean1','Mr','Dean1','Tester','dean1@gmail.com',NULL,NULL,NULL,NULL,1,1,'Active'),('u14000008','dris1','Mr','DRIS1','Tester','dris1@gmail.com',NULL,NULL,NULL,NULL,1,1,'Active');
/*!40000 ALTER TABLE `person` ENABLE KEYS */;
UNLOCK TABLES;

--
-- Table structure for table `person_security_role`
--

DROP TABLE IF EXISTS `person_security_role`;
/*!40101 SET @saved_cs_client     = @@character_set_client */;
/*!40101 SET character_set_client = utf8 */;
CREATE TABLE `person_security_role` (
  `_personID` char(9) NOT NULL,
  `_roleID` bigint(20) unsigned NOT NULL,
  PRIMARY KEY (`_personID`,`_roleID`),
  KEY `_roleID` (`_roleID`),
  CONSTRAINT `person_security_role_ibfk_1` FOREIGN KEY (`_personID`) REFERENCES `person` (`_systemID`),
  CONSTRAINT `person_security_role_ibfk_2` FOREIGN KEY (`_roleID`) REFERENCES `security_role` (`_roleID`)
) ENGINE=InnoDB DEFAULT CHARSET=latin1;
/*!40101 SET character_set_client = @saved_cs_client */;

--
-- Dumping data for table `person_security_role`
--

LOCK TABLES `person_security_role` WRITE;
/*!40000 ALTER TABLE `person_security_role` DISABLE KEYS */;
INSERT INTO `person_security_role` VALUES ('f14000001',1),('f14000002',1),('f14000003',1),('f14000004',1),('f14000005',1),('f14000006',1),('f14000007',1),('f14000007',3),('f14000008',1),('f14000008',3),('f14000009',1),('u12019837',1),('u12019837',2),('u12019837',3),('u12019837',4),('u12019837',5),('u12019837',6),('u12019837',7),('u12019837',8),('u12019837',9),('u12453627',8),('u14000001',3),('u14000002',4),('u14000003',5),('u14000004',6),('u14000005',3),('u14000006',4),('u14000007',5),('u14000008',6);
/*!40000 ALTER TABLE `person_security_role` ENABLE KEYS */;
UNLOCK TABLES;

--
-- Table structure for table `progress_report`
--

DROP TABLE IF EXISTS `progress_report`;
/*!40101 SET @saved_cs_client     = @@character_set_client */;
/*!40101 SET character_set_client = utf8 */;
CREATE TABLE `progress_report` (
  `_reportID` bigint(20) unsigned NOT NULL AUTO_INCREMENT,
  `_application` bigint(20) unsigned NOT NULL,
  `_timestamp` datetime NOT NULL,
  `_content` text NOT NULL,
  PRIMARY KEY (`_reportID`),
  KEY `_application` (`_application`),
  CONSTRAINT `progress_report_ibfk_1` FOREIGN KEY (`_application`) REFERENCES `application` (`_applicationID`)
) ENGINE=InnoDB DEFAULT CHARSET=latin1;
/*!40101 SET character_set_client = @saved_cs_client */;

--
-- Dumping data for table `progress_report`
--

LOCK TABLES `progress_report` WRITE;
/*!40000 ALTER TABLE `progress_report` DISABLE KEYS */;
/*!40000 ALTER TABLE `progress_report` ENABLE KEYS */;
UNLOCK TABLES;

--
-- Table structure for table `recommendation_report`
--

DROP TABLE IF EXISTS `recommendation_report`;
/*!40101 SET @saved_cs_client     = @@character_set_client */;
/*!40101 SET character_set_client = utf8 */;
CREATE TABLE `recommendation_report` (
  `_reportID` bigint(20) unsigned NOT NULL,
  `_hod` char(9) NOT NULL,
  `_timestamp` datetime NOT NULL,
  `_content` text NOT NULL,
  PRIMARY KEY (`_reportID`),
  KEY `_hod` (`_hod`),
  CONSTRAINT `recommendation_report_ibfk_1` FOREIGN KEY (`_reportID`) REFERENCES `application` (`_applicationID`),
  CONSTRAINT `recommendation_report_ibfk_2` FOREIGN KEY (`_hod`) REFERENCES `person` (`_systemID`)
) ENGINE=InnoDB DEFAULT CHARSET=latin1;
/*!40101 SET character_set_client = @saved_cs_client */;

--
-- Dumping data for table `recommendation_report`
--

LOCK TABLES `recommendation_report` WRITE;
/*!40000 ALTER TABLE `recommendation_report` DISABLE KEYS */;
INSERT INTO `recommendation_report` VALUES (4,'u12019837','2014-09-26 10:54:43','<?xml version=\"1.0\" encoding=\"UTF-8\" standalone=\"yes\"?><RecommendationReportContent><scientificMeritOfApplication>Splendid</scientificMeritOfApplication><academicMeritOfResearchLeader>Yes</academicMeritOfResearchLeader><fulltimeAcademicStaffMember>true</fulltimeAcademicStaffMember><academicMeritAndSuitablityOfCandidate>Yep</academicMeritAndSuitablityOfCandidate><candidateMeetsPhDAgeRequirement>true</candidateMeetsPhDAgeRequirement><candidateMeetsAgeRequirment>true</candidateMeetsAgeRequirment><candidateAgeMotivation>Okay</candidateAgeMotivation><doesCandidateFit>true</doesCandidateFit><infrastructureAvailability>There</infrastructureAvailability></RecommendationReportContent>'),(5,'u12019837','2014-09-26 10:58:30','<?xml version=\"1.0\" encoding=\"UTF-8\" standalone=\"yes\"?><RecommendationReportContent><scientificMeritOfApplication>Okay</scientificMeritOfApplication><academicMeritOfResearchLeader>Yes</academicMeritOfResearchLeader><fulltimeAcademicStaffMember>true</fulltimeAcademicStaffMember><academicMeritAndSuitablityOfCandidate>Yep</academicMeritAndSuitablityOfCandidate><candidateMeetsPhDAgeRequirement>true</candidateMeetsPhDAgeRequirement><candidateMeetsAgeRequirment>true</candidateMeetsAgeRequirment><candidateAgeMotivation>Good</candidateAgeMotivation><doesCandidateFit>true</doesCandidateFit><infrastructureAvailability>Alright</infrastructureAvailability></RecommendationReportContent>'),(6,'u12019837','2014-09-26 10:59:21','<?xml version=\"1.0\" encoding=\"UTF-8\" standalone=\"yes\"?><RecommendationReportContent><scientificMeritOfApplication>Done</scientificMeritOfApplication><academicMeritOfResearchLeader>Did</academicMeritOfResearchLeader><fulltimeAcademicStaffMember>true</fulltimeAcademicStaffMember><academicMeritAndSuitablityOfCandidate>Yep</academicMeritAndSuitablityOfCandidate><candidateMeetsPhDAgeRequirement>true</candidateMeetsPhDAgeRequirement><candidateMeetsAgeRequirment>true</candidateMeetsAgeRequirment><candidateAgeMotivation>Proper</candidateAgeMotivation><doesCandidateFit>true</doesCandidateFit><infrastructureAvailability>Dat</infrastructureAvailability></RecommendationReportContent>'),(7,'u12019837','2014-09-26 11:00:18','<?xml version=\"1.0\" encoding=\"UTF-8\" standalone=\"yes\"?><RecommendationReportContent><scientificMeritOfApplication>No comment</scientificMeritOfApplication><academicMeritOfResearchLeader>Work</academicMeritOfResearchLeader><fulltimeAcademicStaffMember>true</fulltimeAcademicStaffMember><academicMeritAndSuitablityOfCandidate>Yep</academicMeritAndSuitablityOfCandidate><candidateMeetsPhDAgeRequirement>true</candidateMeetsPhDAgeRequirement><candidateMeetsAgeRequirment>true</candidateMeetsAgeRequirment><candidateAgeMotivation>Chilled</candidateAgeMotivation><doesCandidateFit>true</doesCandidateFit><infrastructureAvailability>Still</infrastructureAvailability></RecommendationReportContent>'),(8,'u12019837','2014-09-26 11:01:02','<?xml version=\"1.0\" encoding=\"UTF-8\" standalone=\"yes\"?><RecommendationReportContent><scientificMeritOfApplication>Chilled</scientificMeritOfApplication><academicMeritOfResearchLeader>Chilled</academicMeritOfResearchLeader><fulltimeAcademicStaffMember>true</fulltimeAcademicStaffMember><academicMeritAndSuitablityOfCandidate>Yep</academicMeritAndSuitablityOfCandidate><candidateMeetsPhDAgeRequirement>true</candidateMeetsPhDAgeRequirement><candidateMeetsAgeRequirment>true</candidateMeetsAgeRequirment><candidateAgeMotivation>No comment</candidateAgeMotivation><doesCandidateFit>true</doesCandidateFit><infrastructureAvailability>Chilled</infrastructureAvailability></RecommendationReportContent>');
/*!40000 ALTER TABLE `recommendation_report` ENABLE KEYS */;
UNLOCK TABLES;

--
-- Table structure for table `referee_application`
--

DROP TABLE IF EXISTS `referee_application`;
/*!40101 SET @saved_cs_client     = @@character_set_client */;
/*!40101 SET character_set_client = utf8 */;
CREATE TABLE `referee_application` (
  `_refereeID` char(9) NOT NULL,
  `_applicationID` bigint(20) unsigned NOT NULL,
  PRIMARY KEY (`_refereeID`,`_applicationID`),
  KEY `_applicationID` (`_applicationID`),
  CONSTRAINT `referee_application_ibfk_1` FOREIGN KEY (`_refereeID`) REFERENCES `person` (`_systemID`),
  CONSTRAINT `referee_application_ibfk_2` FOREIGN KEY (`_applicationID`) REFERENCES `application` (`_applicationID`)
) ENGINE=InnoDB DEFAULT CHARSET=latin1;
/*!40101 SET character_set_client = @saved_cs_client */;

--
-- Dumping data for table `referee_application`
--

LOCK TABLES `referee_application` WRITE;
/*!40000 ALTER TABLE `referee_application` DISABLE KEYS */;
/*!40000 ALTER TABLE `referee_application` ENABLE KEYS */;
UNLOCK TABLES;

--
-- Table structure for table `referee_report`
--

DROP TABLE IF EXISTS `referee_report`;
/*!40101 SET @saved_cs_client     = @@character_set_client */;
/*!40101 SET character_set_client = utf8 */;
CREATE TABLE `referee_report` (
  `_reportID` bigint(20) unsigned NOT NULL AUTO_INCREMENT,
  `_referee` char(9) NOT NULL,
  `_applicationID` bigint(20) unsigned NOT NULL,
  `_timestamp` datetime NOT NULL,
  `_content` text NOT NULL,
  PRIMARY KEY (`_reportID`),
  KEY `_applicationID` (`_applicationID`),
  KEY `_referee` (`_referee`),
  CONSTRAINT `referee_report_ibfk_1` FOREIGN KEY (`_applicationID`) REFERENCES `application` (`_applicationID`),
  CONSTRAINT `referee_report_ibfk_2` FOREIGN KEY (`_referee`) REFERENCES `person` (`_systemID`)
) ENGINE=InnoDB DEFAULT CHARSET=latin1;
/*!40101 SET character_set_client = @saved_cs_client */;

--
-- Dumping data for table `referee_report`
--

LOCK TABLES `referee_report` WRITE;
/*!40000 ALTER TABLE `referee_report` DISABLE KEYS */;
/*!40000 ALTER TABLE `referee_report` ENABLE KEYS */;
UNLOCK TABLES;

--
-- Table structure for table `research_fellow_information`
--

DROP TABLE IF EXISTS `research_fellow_information`;
/*!40101 SET @saved_cs_client     = @@character_set_client */;
/*!40101 SET character_set_client = utf8 */;
CREATE TABLE `research_fellow_information` (
  `_systemAssignedID` char(9) NOT NULL,
  `_institutionAssignedID` char(9) DEFAULT NULL,
  `_institutionAssignedEmail` varchar(50) DEFAULT NULL,
  `_department` bigint(20) unsigned DEFAULT NULL,
  PRIMARY KEY (`_systemAssignedID`),
  KEY `_department` (`_department`),
  CONSTRAINT `research_fellow_information_ibfk_1` FOREIGN KEY (`_systemAssignedID`) REFERENCES `person` (`_systemID`),
  CONSTRAINT `research_fellow_information_ibfk_2` FOREIGN KEY (`_department`) REFERENCES `department` (`_departmentID`)
) ENGINE=InnoDB DEFAULT CHARSET=latin1;
/*!40101 SET character_set_client = @saved_cs_client */;

--
-- Dumping data for table `research_fellow_information`
--

LOCK TABLES `research_fellow_information` WRITE;
/*!40000 ALTER TABLE `research_fellow_information` DISABLE KEYS */;
INSERT INTO `research_fellow_information` VALUES ('f14000007','u14019293','u14019293@tuks.co.za',2),('f14000008','u12345678','u12345678@tuks.co.za',1);
/*!40000 ALTER TABLE `research_fellow_information` ENABLE KEYS */;
UNLOCK TABLES;

--
-- Table structure for table `security_role`
--

DROP TABLE IF EXISTS `security_role`;
/*!40101 SET @saved_cs_client     = @@character_set_client */;
/*!40101 SET character_set_client = utf8 */;
CREATE TABLE `security_role` (
  `_roleID` bigint(20) unsigned NOT NULL AUTO_INCREMENT,
  `_name` varchar(150) NOT NULL,
  `_roleMask` bigint(20) unsigned NOT NULL,
  PRIMARY KEY (`_roleID`)
) ENGINE=InnoDB AUTO_INCREMENT=10 DEFAULT CHARSET=latin1;
/*!40101 SET character_set_client = @saved_cs_client */;

--
-- Dumping data for table `security_role`
--

LOCK TABLES `security_role` WRITE;
/*!40000 ALTER TABLE `security_role` DISABLE KEYS */;
INSERT INTO `security_role` VALUES (1,'Prospective fellow',0),(2,'Referee',1),(3,'Research fellow',2),(4,'Grant holder',3),(5,'HOD',4),(6,'Dean\'s office member',5),(7,'DRIS member',6),(8,'Post doctoral Committee member',7),(9,'System administrator',8);
/*!40000 ALTER TABLE `security_role` ENABLE KEYS */;
UNLOCK TABLES;
/*!40103 SET TIME_ZONE=@OLD_TIME_ZONE */;

/*!40101 SET SQL_MODE=@OLD_SQL_MODE */;
/*!40014 SET FOREIGN_KEY_CHECKS=@OLD_FOREIGN_KEY_CHECKS */;
/*!40014 SET UNIQUE_CHECKS=@OLD_UNIQUE_CHECKS */;
/*!40101 SET CHARACTER_SET_CLIENT=@OLD_CHARACTER_SET_CLIENT */;
/*!40101 SET CHARACTER_SET_RESULTS=@OLD_CHARACTER_SET_RESULTS */;
/*!40101 SET COLLATION_CONNECTION=@OLD_COLLATION_CONNECTION */;
/*!40111 SET SQL_NOTES=@OLD_SQL_NOTES */;

-- Dump completed on 2014-09-26 13:35:27
